ADMIN0,PCODE_ADMIN2,ADMIN1,PCODE_ADMIN2,ADMIN2,PCODE_ADMIN3,ADMIN3,Nombre de Menages,Hommes,Femmes,Total 2006,% Femmes,  0-14 ans, 15-64 ans, 65 ans ou +, Age N.D.,Total 2019,Croissance,Probl√®me?
BURKINA FASO,BF46,BOUCLE DU MOUHOUN,BF4601,BALE,BF460101,BAGASSI,"7,079","16,394","16,915","33,309",50.78,"15,364","16,783","1,058",104,47632,43%,
BURKINA FASO,BF46,BOUCLE DU MOUHOUN,BF4601,BALE,BF460102,BANA,"2,420","6,646","6,354","13,000",48.88,"6,279","6,293",368,60,18590,43%,
BURKINA FASO,BF46,BOUCLE DU MOUHOUN,BF4601,BALE,BF460103,BOROMO,"5,307","14,839","15,010","29,849",101,"13,117","15,703",955,74,42684,43%,
BURKINA FASO,BF46,BOUCLE DU MOUHOUN,BF4601,BALE,BF460104,FARA,"6,012","17,715","19,452","37,167",52.34,"17,791","18,085","1,198",93,53148,43%,
BURKINA FASO,BF46,BOUCLE DU MOUHOUN,BF4601,BALE,BF460105,OURI,"4,878","13,744","13,061","26,805",48.73,"12,433","13,248",992,132,38331,43%,
BURKINA FASO,BF46,BOUCLE DU MOUHOUN,BF4601,BALE,BF460106,PA,"3,889","9,506","10,249","19,755",51.88,"9,512","9,652",569,22,28249,43%,
BURKINA FASO,BF46,BOUCLE DU MOUHOUN,BF4601,BALE,BF460107,POMPOI,"1,972","5,468","5,564","11,032",50.44,"5,204","5,481",326,21,15776,43%,
BURKINA FASO,BF46,BOUCLE DU MOUHOUN,BF4601,BALE,BF460108,POURA,"2,212","6,243","5,783","12,026",48.09,"5,034","6,629",308,55,17197,43%,
BURKINA FASO,BF46,BOUCLE DU MOUHOUN,BF4601,BALE,BF460109,SIBY,"2,392","6,989","7,058","14,047",50.25,"6,498","6,986",521,42,20087,43%,
BURKINA FASO,BF46,BOUCLE DU MOUHOUN,BF4601,BALE,BF460110,YAHO,"3,192","8,038","8,395","16,433",51.09,"7,881","8,106",409,37,23499,43%,
BURKINA FASO,BF46,BOUCLE DU MOUHOUN,BF4602,BANWA,BF460201,BALAVE,"2,914","7,909","8,291","16,200",51.18,"7,942","7,625",523,110,23003,42%,
BURKINA FASO,BF46,BOUCLE DU MOUHOUN,BF4602,BANWA,BF460202,KOUKA,"9,406","28,919","30,199","59,118",51.08,"28,759","28,243","1,732",384,83943,42%,
BURKINA FASO,BF46,BOUCLE DU MOUHOUN,BF4602,BANWA,BF460203,SAMI,"1,397","4,190","4,439","8,629",51.44,"4,440","3,968",170,51,12252,42%,
BURKINA FASO,BF46,BOUCLE DU MOUHOUN,BF4602,BANWA,BF460204,SANABA,"5,316","16,087","16,922","33,009",51.26,"16,623","15,191","1,091",104,46870,42%,
BURKINA FASO,BF46,BOUCLE DU MOUHOUN,BF4602,BANWA,BF460205,SOLENZO,"19,997","59,892","61,927","121,819",100,"58,934","58,353","3,504","1,028",172973,42%,
BURKINA FASO,BF46,BOUCLE DU MOUHOUN,BF4602,BANWA,BF460206,TANSILA,"5,526","15,055","15,545","30,600",50.80,"14,999","14,599",873,129,43449,42%,
BURKINA FASO,BF46,BOUCLE DU MOUHOUN,BF4603,KOSSI,BF460301,BARANI,"8,476","23,942","24,049","47,991",50.11,"23,535","22,793","1,423",240,66945,39%,
BURKINA FASO,BF46,BOUCLE DU MOUHOUN,BF4603,KOSSI,BF460302,BOMBOROKUY,"2,722","7,187","7,278","14,465",50.31,"7,274","6,694",438,59,20178,39%,
BURKINA FASO,BF46,BOUCLE DU MOUHOUN,BF4603,KOSSI,BF460303,BOURASSO,"2,218","5,785","5,961","11,746",50.75,"5,906","5,395",422,23,16385,39%,
BURKINA FASO,BF46,BOUCLE DU MOUHOUN,BF4603,KOSSI,BF460304,DJIBASSO,"10,252","25,593","26,564","52,157",50.93,"26,535","23,244","2,118",260,72757,39%,
BURKINA FASO,BF46,BOUCLE DU MOUHOUN,BF4603,KOSSI,BF460305,DOKUY,"4,733","13,923","13,837","27,760",49.85,"14,023","12,952",723,62,38724,39%,
BURKINA FASO,BF46,BOUCLE DU MOUHOUN,BF4603,KOSSI,BF460306,DOUMBALA,"5,044","13,399","13,954","27,353",51.01,"13,810","12,738",719,86,38156,39%,
BURKINA FASO,BF46,BOUCLE DU MOUHOUN,BF4603,KOSSI,BF460307,KOMBORI,"1,718","4,877","5,278","10,155",51.97,"5,197","4,555",378,25,14166,39%,
BURKINA FASO,BF46,BOUCLE DU MOUHOUN,BF4603,KOSSI,BF460308,MADOUBA,"1,316","3,262","3,334","6,596",50.55,"3,385","2,986",210,15,9201,39%,
BURKINA FASO,BF46,BOUCLE DU MOUHOUN,BF4603,KOSSI,BF460309,NOUNA,"10,767","29,246","28,911","73,006",99,"28,636","27,451","1,903",167,101840,39%,
BURKINA FASO,BF46,BOUCLE DU MOUHOUN,BF4603,KOSSI,BF460311,SONO,"1,292","3,683","3,634","7,317",49.67,"3,441","3,561",301,14,10207,39%,
BURKINA FASO,BF46,BOUCLE DU MOUHOUN,BF4604,MOUHOUN,BF460401,BONDOKUY,"8,250","24,880","25,647","50,527",50.76,"24,619","24,016","1,508",384,72089,43%,
BURKINA FASO,BF46,BOUCLE DU MOUHOUN,BF4604,MOUHOUN,BF460402,DEDOUGOU,"15,792","42,744","44,221","86,965",102,"39,178","44,847","2,634",306,124076,43%,
BURKINA FASO,BF46,BOUCLE DU MOUHOUN,BF4604,MOUHOUN,BF460403,DOUROULA,"1,970","6,504","6,300","12,804",49.20,"6,240","6,104",440,20,18268,43%,
BURKINA FASO,BF46,BOUCLE DU MOUHOUN,BF4604,MOUHOUN,BF460404,KONA,"3,494","10,140","9,466","19,606",48.28,"9,532","9,393",587,94,27973,43%,
BURKINA FASO,BF46,BOUCLE DU MOUHOUN,BF4604,MOUHOUN,BF460405,OUARKOYE,"6,390","19,075","19,755","38,830",50.88,"19,098","18,408","1,143",181,55400,43%,
BURKINA FASO,BF46,BOUCLE DU MOUHOUN,BF4604,MOUHOUN,BF460406,SAFANE,"8,705","25,117","23,794","48,911",48.65,"23,335","23,935","1,555",86,69783,43%,
BURKINA FASO,BF46,BOUCLE DU MOUHOUN,BF4604,MOUHOUN,BF460407,TCHERIBA,"6,331","19,629","20,078","39,707",50.57,"18,954","19,006","1,502",245,56651,43%,
BURKINA FASO,BF46,BOUCLE DU MOUHOUN,BF4605,NAYALA,BF460501,GASSAN,"5,492","16,583","15,814","32,397",48.81,"15,145","15,617","1,584",51,45020,39%,
BURKINA FASO,BF46,BOUCLE DU MOUHOUN,BF4605,NAYALA,BF460502,GOSSINA,"2,505","8,849","9,593","18,442",52.02,"9,297","8,397",719,29,25628,39%,
BURKINA FASO,BF46,BOUCLE DU MOUHOUN,BF4605,NAYALA,BF460503,KOUGNY,"2,664","8,164","7,785","15,949",48.81,"7,633","7,534",744,38,22163,39%,
BURKINA FASO,BF46,BOUCLE DU MOUHOUN,BF4605,NAYALA,BF460504,TOMA,"4,881","14,632","14,819","29,451",101,"13,683","14,401","1,310",57,40926,39%,
BURKINA FASO,BF46,BOUCLE DU MOUHOUN,BF4605,NAYALA,BF460505,YABA,"4,711","15,428","16,199","31,627",51.22,"15,687","14,396","1,483",61,43950,39%,
BURKINA FASO,BF46,BOUCLE DU MOUHOUN,BF4605,NAYALA,BF460506,YE,"5,401","17,552","18,015","35,567",50.65,"17,799","16,478","1,197",93,49425,39%,
BURKINA FASO,BF46,BOUCLE DU MOUHOUN,BF4606,SOUROU,BF460601,DI,"4,152","12,319","11,544","23,863",48.38,"11,573","11,457",698,135,32773,37%,
BURKINA FASO,BF46,BOUCLE DU MOUHOUN,BF4606,SOUROU,BF460602,GOMBORO,"1,981","6,602","7,168","13,770",52.06,"6,994","6,127",541,108,18912,37%,
BURKINA FASO,BF46,BOUCLE DU MOUHOUN,BF4606,SOUROU,BF460603,KASSOUM,"3,573","10,902","10,071","20,973",48.02,"10,172","9,715","1,024",62,28804,37%,
BURKINA FASO,BF46,BOUCLE DU MOUHOUN,BF4606,SOUROU,BF460604,KIEMBARA,"4,275","13,859","15,408","29,267",52.65,"15,058","12,908","1,231",70,40195,37%,
BURKINA FASO,BF46,BOUCLE DU MOUHOUN,BF4606,SOUROU,BF460605,LANFIERA,"3,229","9,548","9,269","18,817",49.26,"8,819","9,175",737,86,25843,37%,
BURKINA FASO,BF46,BOUCLE DU MOUHOUN,BF4606,SOUROU,BF460606,LANKOUE,"2,322","7,431","8,710","16,141",53.96,"8,191","7,241",659,50,22168,37%,
BURKINA FASO,BF46,BOUCLE DU MOUHOUN,BF4606,SOUROU,BF460607,TOENI,"4,753","14,974","15,228","30,202",50.42,"15,548","13,481","1,143",30,41479,37%,
BURKINA FASO,BF46,BOUCLE DU MOUHOUN,BF4606,SOUROU,BF460608,TOUGAN,"11,155","33,317","34,272","67,589",101,"32,103","31,911","3,350",225,92827,37%,
BURKINA FASO,BF47,CASCADES,BF4701,COMOE,BF470101,BANFORA,"20,778","54,581","55,243","109,824",102,"44,522","62,215","2,594",493,180431,64%,
BURKINA FASO,BF47,CASCADES,BF4701,COMOE,BF470102,BEREGADOUGOU,"2,079","5,911","5,972","11,883",50.26,"4,911","6,530",380,62,19523,64%,
BURKINA FASO,BF47,CASCADES,BF4701,COMOE,BF470103,MANGODARA,"8,054","26,101","25,698","51,799",49.61,"25,242","25,219",959,379,85101,64%,
BURKINA FASO,BF47,CASCADES,BF4701,COMOE,BF470104,MOUSSODOUGOU,"1,530","4,729","5,711","10,440",54.70,"4,791","5,051",554,44,17152,64%,
BURKINA FASO,BF47,CASCADES,BF4701,COMOE,BF470105,NIANGOLOKO,"8,992","26,845","27,293","54,138",101,"25,038","27,793","1,124",183,88944,64%,
BURKINA FASO,BF47,CASCADES,BF4701,COMOE,BF470106,OUO,"3,636","11,551","11,957","23,508",50.86,"11,322","11,510",472,204,38622,64%,
BURKINA FASO,BF47,CASCADES,BF4701,COMOE,BF470107,SIDERADOUGOU,"11,905","37,335","38,062","75,397",50.48,"35,925","37,514","1,467",491,123871,64%,
BURKINA FASO,BF47,CASCADES,BF4701,COMOE,BF470108,SOUBAKANIEDOUGOU,"4,537","13,799","14,274","28,073",50.85,"13,452","13,753",827,41,46121,64%,
BURKINA FASO,BF47,CASCADES,BF4701,COMOE,BF470109,TIEFORA,"6,221","20,601","21,865","42,466",51.49,"20,328","20,614","1,163",361,69767,64%,
BURKINA FASO,BF47,CASCADES,BF4702,LERABA,BF470201,DAKORO,"2,004","6,403","6,824","13,227",51.59,"6,427","6,316",410,74,19343,46%,
BURKINA FASO,BF47,CASCADES,BF4702,LERABA,BF470202,DOUNA,"1,607","4,220","4,826","9,046",53.35,"3,913","4,669",438,26,13229,46%,
BURKINA FASO,BF47,CASCADES,BF4702,LERABA,BF470203,KANKALABA,"1,539","4,694","4,974","9,668",51.45,"4,726","4,557",343,42,14138,46%,
BURKINA FASO,BF47,CASCADES,BF4702,LERABA,BF470204,LOUMANA,"3,930","12,005","12,449","24,454",50.91,"11,860","11,784",692,118,35761,46%,
BURKINA FASO,BF47,CASCADES,BF4702,LERABA,BF470205,NIANKORODOUGOU,"5,018","16,580","17,563","34,143",51.44,"17,581","15,711",695,156,49930,46%,
BURKINA FASO,BF47,CASCADES,BF4702,LERABA,BF470206,OUELENI,"1,809","5,581","6,081","11,662",52.14,"5,795","5,477",371,19,17054,46%,
BURKINA FASO,BF47,CASCADES,BF4702,LERABA,BF470207,SINDOU,"2,987","8,744","9,536","18,280",103,"8,949","8,549",723,59,26732,46%,
BURKINA FASO,BF47,CASCADES,BF4702,LERABA,BF470208,WOLOKONTO,576,"1,688","2,112","3,800",55.58,"1,738","1,830",213,19,5557,46%,
BURKINA FASO,BF13,CENTRE,BF1300,KADIOGO,BF130001,KOMKI-IPALA,"3,281","9,582","10,980","20,562",53.40,"9,837","9,553","1,031",141,35322,72%,
BURKINA FASO,BF13,CENTRE,BF1300,KADIOGO,BF130002,KOMSILGA,"11,360","26,573","26,535","53,108",49.96,"22,658","28,306","1,790",354,91231,72%,
BURKINA FASO,BF13,CENTRE,BF1300,KADIOGO,BF130003,KOUBRI,"7,380","21,645","22,283","43,928",50.73,"20,142","21,722","1,882",182,75461,72%,
BURKINA FASO,BF13,CENTRE,BF1300,KADIOGO,BF130004,OUAGADOUGOU,"308,230","745,289","729,934","1,475,223",248,"509,083","929,793","28,043","8,304",2534185,72%,
BURKINA FASO,BF13,CENTRE,BF1300,KADIOGO,BF130005,PABRE,"4,355","13,168","14,728","27,896",52.80,"13,400","12,900","1,381",215,47920,72%,
BURKINA FASO,BF13,CENTRE,BF1300,KADIOGO,BF130006,SAABA,"10,493","25,224","25,661","50,885",50.43,"21,320","27,244","2,031",290,87412,72%,
BURKINA FASO,BF13,CENTRE,BF1300,KADIOGO,BF130007,TANGHIN-DASSOURI,"8,692","25,202","29,970","55,172",54.32,"25,906","25,986","2,970",310,94776,72%,
BURKINA FASO,BF48,CENTRE-EST,BF4801,BOULGOU,BF480101,BAGRE,"4,625","14,011","15,153","29,164",51.96,"14,564","13,659",769,172,42347,45%,
BURKINA FASO,BF48,CENTRE-EST,BF4801,BOULGOU,BF480102,BANE,"3,691","11,210","12,496","23,706",52.71,"12,159","10,643",768,136,34422,45%,
BURKINA FASO,BF48,CENTRE-EST,BF4801,BOULGOU,BF480103,BEGUEDO,"3,267","8,705","10,448","19,153",54.55,"9,188","9,135",746,84,27811,45%,
BURKINA FASO,BF48,CENTRE-EST,BF4801,BOULGOU,BF480104,BISSIGA,"3,471","10,067","10,930","20,997",52.06,"10,587","9,709",619,82,30488,45%,
BURKINA FASO,BF48,CENTRE-EST,BF4801,BOULGOU,BF480105,BITTOU,"11,493","34,642","37,411","72,053",103,"35,438","34,160","2,064",391,104623,45%,
BURKINA FASO,BF48,CENTRE-EST,BF4801,BOULGOU,BF480106,BOUSSOUMA,"4,517","11,714","15,040","26,754",56.22,"13,191","12,213","1,180",170,38848,45%,
BURKINA FASO,BF48,CENTRE-EST,BF4801,BOULGOU,BF480107,GARANGO,"12,679","32,817","40,862","73,679",111,"33,425","35,677","4,260",317,106984,45%,
BURKINA FASO,BF48,CENTRE-EST,BF4801,BOULGOU,BF480108,KOMTOEGA,"3,408","9,578","11,096","20,674",53.67,"9,915","9,757",938,64,30019,45%,
BURKINA FASO,BF48,CENTRE-EST,BF4801,BOULGOU,BF480109,NIAOGO,"3,337","8,764","10,211","18,975",53.81,"8,889","9,184",804,98,27552,45%,
BURKINA FASO,BF48,CENTRE-EST,BF4801,BOULGOU,BF480110,TENKODOGO,"21,127","58,003","66,982","124,985",106,"57,963","60,883","5,627",512,181482,45%,
BURKINA FASO,BF48,CENTRE-EST,BF4801,BOULGOU,BF480111,ZABRE,"13,337","37,652","45,115","82,767",54.51,"41,951","37,087","3,389",340,120180,45%,
BURKINA FASO,BF48,CENTRE-EST,BF4801,BOULGOU,BF480112,ZOAGA,"1,862","5,107","5,705","10,812",52.77,"5,217","4,971",556,68,15699,45%,
BURKINA FASO,BF48,CENTRE-EST,BF4801,BOULGOU,BF480113,ZONSE,"3,170","8,638","11,213","19,851",56.49,"10,470","8,545",761,75,28827,45%,
BURKINA FASO,BF48,CENTRE-EST,BF4802,KOULPELGO,BF480201,COMIN-YANGA,"6,448","20,139","20,693","40,832",50.68,"20,037","19,212","1,267",316,60900,49%,
BURKINA FASO,BF48,CENTRE-EST,BF4802,KOULPELGO,BF480202,DOURTENGA,"1,582","4,497","5,020","9,517",52.75,"4,333","4,723",389,72,14195,49%,
BURKINA FASO,BF48,CENTRE-EST,BF4802,KOULPELGO,BF480203,LALGAYE,"2,472","7,284","7,817","15,101",51.76,"7,309","7,262",477,53,22523,49%,
BURKINA FASO,BF48,CENTRE-EST,BF4802,KOULPELGO,BF480204,OUARGAYE,"5,668","15,834","16,824","32,658",103,"15,316","16,085","1,117",140,48709,49%,
BURKINA FASO,BF48,CENTRE-EST,BF4802,KOULPELGO,BF480205,SANGHA,"7,372","22,039","24,180","46,219",52.32,"23,843","20,913","1,382",81,68935,49%,
BURKINA FASO,BF48,CENTRE-EST,BF4802,KOULPELGO,BF480206,SOUDOUGUI,"7,473","23,017","24,196","47,213",51.25,"24,779","20,956","1,267",211,70418,49%,
BURKINA FASO,BF48,CENTRE-EST,BF4802,KOULPELGO,BF480207,YARGATENGA,"6,636","19,699","21,288","40,987",51.94,"20,308","19,027","1,344",308,61132,49%,
BURKINA FASO,BF48,CENTRE-EST,BF4802,KOULPELGO,BF480208,YONDE,"4,279","12,767","13,373","26,140",51.16,"12,862","12,319",825,134,38987,49%,
BURKINA FASO,BF48,CENTRE-EST,BF4803,KOURITENGA,BF480301,ANDEMTENGA,"7,511","22,582","26,625","49,207",54.11,"24,586","22,444","1,919",258,71736,46%,
BURKINA FASO,BF48,CENTRE-EST,BF4803,KOURITENGA,BF480302,BASKOURE,"2,008","5,281","6,442","11,723",54.95,"5,715","5,342",654,12,17090,46%,
BURKINA FASO,BF48,CENTRE-EST,BF4803,KOURITENGA,BF480303,DIALGAYE,"5,924","16,723","20,170","36,893",54.67,"17,886","17,038","1,669",300,53784,46%,
BURKINA FASO,BF48,CENTRE-EST,BF4803,KOURITENGA,BF480304,GOUNGHIN,"5,053","15,919","19,338","35,257",54.85,"17,715","15,458","1,927",157,51399,46%,
BURKINA FASO,BF48,CENTRE-EST,BF4803,KOURITENGA,BF480305,KANDO,"4,117","12,927","15,355","28,282",54.29,"13,807","13,079","1,244",152,41231,46%,
BURKINA FASO,BF48,CENTRE-EST,BF4803,KOURITENGA,BF480306,KOUPELA,"10,824","27,663","30,748","58,411",105,"26,313","29,215","2,676",207,85154,46%,
BURKINA FASO,BF48,CENTRE-EST,BF4803,KOURITENGA,BF480307,POUYTENGA,"13,479","36,034","39,216","75,250",106,"33,268","38,974","2,786",222,109702,46%,
BURKINA FASO,BF48,CENTRE-EST,BF4803,KOURITENGA,BF480308,TENSOBENTENGA,"3,442","9,181","10,846","20,027",54.16,"9,912","8,969","1,000",146,29196,46%,
BURKINA FASO,BF48,CENTRE-EST,BF4803,KOURITENGA,BF480309,YARGO,"2,460","6,839","7,890","14,729",53.57,"7,303","6,503",824,99,21473,46%,
BURKINA FASO,BF49,CENTRE-NORD,BF4901,BAM,BF490101,BOURZANGA,"7,039","22,786","24,965","47,751",52.28,"24,088","22,057","1,363",243,69157,45%,
BURKINA FASO,BF49,CENTRE-NORD,BF4901,BAM,BF490102,GUIBARE,"3,412","10,824","12,630","23,454",53.85,"11,262","11,244",886,62,33968,45%,
BURKINA FASO,BF49,CENTRE-NORD,BF4901,BAM,BF490103,KONGOUSSI,"11,707","34,304","36,536","70,840",103,"32,688","34,898","2,908",346,102596,45%,
BURKINA FASO,BF49,CENTRE-NORD,BF4901,BAM,BF490104,NASSERE,"1,670","4,922","5,471","10,393",52.64,"5,142","4,642",570,39,15052,45%,
BURKINA FASO,BF49,CENTRE-NORD,BF4901,BAM,BF490105,ROLLO,"4,092","12,651","14,591","27,242",53.56,"13,683","12,358","1,038",163,39454,45%,
BURKINA FASO,BF49,CENTRE-NORD,BF4901,BAM,BF490106,ROUKO,"2,044","6,325","7,299","13,624",53.57,"6,528","6,418",648,30,19731,45%,
BURKINA FASO,BF49,CENTRE-NORD,BF4901,BAM,BF490107,SABCE,"2,807","11,038","12,060","23,098",52.21,"10,955","10,926","1,096",121,33452,45%,
BURKINA FASO,BF49,CENTRE-NORD,BF4901,BAM,BF490108,TIKARE,"5,234","16,391","19,300","35,691",54.08,"16,936","16,688","1,856",211,51690,45%,
BURKINA FASO,BF49,CENTRE-NORD,BF4901,BAM,BF490109,ZIMTENGA,"3,448","10,987","12,111","23,098",52.43,"11,635","10,605",742,116,33453,45%,
BURKINA FASO,BF49,CENTRE-NORD,BF4902,NAMENTENGA,BF490201,BOALA,"3,237","11,361","13,621","24,982",54.52,"12,942","10,983",758,299,36184,45%,
BURKINA FASO,BF49,CENTRE-NORD,BF4902,NAMENTENGA,BF490202,BOULSA,"12,223","38,780","43,187","81,967",104,"40,495","37,938","2,861",673,118721,45%,
BURKINA FASO,BF49,CENTRE-NORD,BF4902,NAMENTENGA,BF490203,BOUROUM,"7,068","22,288","23,944","46,232",51.79,"23,222","21,423","1,260",327,66962,45%,
BURKINA FASO,BF49,CENTRE-NORD,BF4902,NAMENTENGA,BF490204,DARGO,"4,347","14,008","15,258","29,266",52.14,"14,764","13,382",850,270,42389,45%,
BURKINA FASO,BF49,CENTRE-NORD,BF4902,NAMENTENGA,BF490205,NAGBINGOU,"2,535","7,833","8,171","16,004",51.06,"8,218","7,352",407,27,23180,45%,
BURKINA FASO,BF49,CENTRE-NORD,BF4902,NAMENTENGA,BF490206,TOUGOURI,"11,293","36,817","40,007","76,824",52.08,"38,917","35,244","2,162",501,111272,45%,
BURKINA FASO,BF49,CENTRE-NORD,BF4902,NAMENTENGA,BF490207,YALGO,"5,503","15,595","16,046","31,641",50.71,"15,144","15,404",878,215,45094,43%,
BURKINA FASO,BF49,CENTRE-NORD,BF4902,NAMENTENGA,BF490208,ZEGUEDEGUIN,"3,041","10,397","11,507","21,904",52.53,"11,446","9,752",571,135,31725,45%,
BURKINA FASO,BF49,CENTRE-NORD,BF4903,SANMATENGA,BF490301,BARSALOGHO,"10,897","37,260","41,659","78,919",52.79,"40,830","35,427","2,216",446,113766,44%,
BURKINA FASO,BF49,CENTRE-NORD,BF4903,SANMATENGA,BF490302,BOUSSOUMA,"12,308","38,182","44,433","82,615",53.78,"38,878","39,460","3,529",748,119094,44%,
BURKINA FASO,BF49,CENTRE-NORD,BF4903,SANMATENGA,BF490303,DABLO,"2,740","9,771","10,936","20,707",52.81,"10,816","9,282",576,33,29850,44%,
BURKINA FASO,BF49,CENTRE-NORD,BF4903,SANMATENGA,BF490304,KAYA,"19,765","56,209","60,913","117,122",104,"52,326","59,620","4,670",506,168838,44%,
BURKINA FASO,BF49,CENTRE-NORD,BF4903,SANMATENGA,BF490305,KORSIMORO,"6,424","20,876","23,669","44,545",53.14,"20,911","21,757","1,706",171,64214,44%,
BURKINA FASO,BF49,CENTRE-NORD,BF4903,SANMATENGA,BF490306,MANE,"6,933","21,672","24,812","46,484",53.38,"22,131","22,086","2,009",258,67009,44%,
BURKINA FASO,BF49,CENTRE-NORD,BF4903,SANMATENGA,BF490307,NAMISSIGUIMA,"1,514","4,497","5,255","9,752",53.89,"5,082","4,291",331,48,14058,44%,
BURKINA FASO,BF49,CENTRE-NORD,BF4903,SANMATENGA,BF490308,PENSA,"5,294","17,392","18,766","36,158",51.90,"18,310","16,641",895,312,52124,44%,
BURKINA FASO,BF49,CENTRE-NORD,BF4903,SANMATENGA,BF490309,PIBAORE,"3,670","12,934","15,719","28,653",54.86,"14,597","12,889","1,047",120,41305,44%,
BURKINA FASO,BF49,CENTRE-NORD,BF4903,SANMATENGA,BF490310,PISSILA,"13,639","44,529","53,931","98,460",54.77,"49,892","44,367","3,550",651,141936,44%,
BURKINA FASO,BF49,CENTRE-NORD,BF4903,SANMATENGA,BF490311,ZIGA,"4,466","15,357","19,242","34,599",55.61,"17,257","15,748","1,430",164,49878,44%,
BURKINA FASO,BF50,CENTRE-OUEST,BF5001,BOULKIEMDE,BF500101,BINGO,"2,113","6,907","8,950","15,857",56.44,"7,878","7,073",888,18,22000,39%,
BURKINA FASO,BF50,CENTRE-OUEST,BF5001,BOULKIEMDE,BF500102,IMASGO,"3,000","9,772","12,726","22,498",56.57,"10,965","10,117","1,267",149,31214,39%,
BURKINA FASO,BF50,CENTRE-OUEST,BF5001,BOULKIEMDE,BF500103,KINDI,"4,347","13,952","18,738","32,690",57.32,"16,415","14,467","1,668",140,45354,39%,
BURKINA FASO,BF50,CENTRE-OUEST,BF5001,BOULKIEMDE,BF500104,KOKOLOGO,"6,017","17,203","21,800","39,003",55.89,"18,665","18,052","2,167",119,54113,39%,
BURKINA FASO,BF50,CENTRE-OUEST,BF5001,BOULKIEMDE,BF500105,KOUDOUGOU,"23,198","64,362","73,847","138,209",108,"57,290","74,376","5,703",840,191751,39%,
BURKINA FASO,BF50,CENTRE-OUEST,BF5001,BOULKIEMDE,BF500106,NANORO,"4,516","14,736","18,229","32,965",55.30,"16,153","15,109","1,583",120,45736,39%,
BURKINA FASO,BF50,CENTRE-OUEST,BF5001,BOULKIEMDE,BF500107,NIANDIALA,"2,764","9,564","13,613","23,177",58.73,"11,639","10,171","1,274",93,32156,39%,
BURKINA FASO,BF50,CENTRE-OUEST,BF5001,BOULKIEMDE,BF500108,PELLA,"2,436","8,559","10,715","19,274",55.59,"9,505","8,767",955,47,26741,39%,
BURKINA FASO,BF50,CENTRE-OUEST,BF5001,BOULKIEMDE,BF500109,POA,"3,727","12,627","17,652","30,279",58.30,"14,830","13,656","1,718",75,42009,39%,
BURKINA FASO,BF50,CENTRE-OUEST,BF5001,BOULKIEMDE,BF500110,RAMONGO,"2,860","9,546","13,405","22,951",58.41,"10,933","10,586","1,381",51,31842,39%,
BURKINA FASO,BF50,CENTRE-OUEST,BF5001,BOULKIEMDE,BF500111,SABOU,"5,895","19,809","25,623","45,432",56.40,"22,449","20,664","2,135",184,63032,39%,
BURKINA FASO,BF50,CENTRE-OUEST,BF5001,BOULKIEMDE,BF500112,SIGLE,"4,026","13,139","15,934","29,073",54.81,"14,624","12,509","1,855",85,40336,39%,
BURKINA FASO,BF50,CENTRE-OUEST,BF5001,BOULKIEMDE,BF500113,SOAW,"2,046","6,881","9,113","15,994",56.98,"7,897","7,251",777,69,22190,39%,
BURKINA FASO,BF50,CENTRE-OUEST,BF5001,BOULKIEMDE,BF500114,SOURGOU,"1,752","5,985","7,724","13,709",56.34,"6,804","6,237",633,35,19020,39%,
BURKINA FASO,BF50,CENTRE-OUEST,BF5001,BOULKIEMDE,BF500115,THYOU,"2,933","10,153","13,942","24,095",57.86,"12,249","10,609","1,178",59,33430,39%,
BURKINA FASO,BF50,CENTRE-OUEST,BF5002,SANGUIE,BF500201,DASSA,"1,819","6,848","7,795","14,643",53.23,"7,387","6,574",560,122,20239,38%,
BURKINA FASO,BF50,CENTRE-OUEST,BF5002,SANGUIE,BF500202,DIDYR,"4,643","18,817","22,090","40,907",54.00,"20,853","17,981","1,880",193,56541,38%,
BURKINA FASO,BF50,CENTRE-OUEST,BF5002,SANGUIE,BF500203,GODYR,"2,404","8,747","10,573","19,320",54.73,"9,792","8,433",955,140,26704,38%,
BURKINA FASO,BF50,CENTRE-OUEST,BF5002,SANGUIE,BF500204,KORDIE,"2,390","8,147","10,134","18,281",55.43,"8,950","8,257","1,054",20,25267,38%,
BURKINA FASO,BF50,CENTRE-OUEST,BF5002,SANGUIE,BF500205,KYON,"3,020","9,616","10,774","20,390",52.84,"9,922","9,487",827,154,28182,38%,
BURKINA FASO,BF50,CENTRE-OUEST,BF5002,SANGUIE,BF500206,POUNI,"5,544","17,592","21,644","39,236",55.16,"19,357","18,103","1,657",119,54231,38%,
BURKINA FASO,BF50,CENTRE-OUEST,BF5002,SANGUIE,BF500207,REO,"10,047","29,522","32,686","62,208",105,"28,012","30,533","3,357",306,85982,38%,
BURKINA FASO,BF50,CENTRE-OUEST,BF5002,SANGUIE,BF500208,TENADO,"6,943","21,049","24,457","45,506",53.74,"21,606","21,517","2,173",210,62897,38%,
BURKINA FASO,BF50,CENTRE-OUEST,BF5002,SANGUIE,BF500209,ZAMO,"2,322","7,232","8,316","15,548",53.49,"7,719","7,079",617,133,21490,38%,
BURKINA FASO,BF50,CENTRE-OUEST,BF5002,SANGUIE,BF500210,ZAWARA,"3,247","9,978","11,019","20,997",52.48,"10,501","9,782",637,77,29022,38%,
BURKINA FASO,BF50,CENTRE-OUEST,BF5003,SISSILI,BF500301,BIEHA,"4,894","14,976","15,136","30,112",50.27,"14,519","14,721",770,102,44453,48%,
BURKINA FASO,BF50,CENTRE-OUEST,BF5003,SISSILI,BF500302,BOURA,"4,124","12,112","12,435","24,547",50.66,"11,803","11,833",805,106,36238,48%,
BURKINA FASO,BF50,CENTRE-OUEST,BF5003,SISSILI,BF500303,LEO,"8,670","25,228","25,809","51,037",101,"23,194","26,241","1,451",151,75343,48%,
BURKINA FASO,BF50,CENTRE-OUEST,BF5003,SISSILI,BF500304,NABIELIANAYOU,"1,108","3,437","4,242","7,679",55.24,"3,901","3,447",291,40,11336,48%,
BURKINA FASO,BF50,CENTRE-OUEST,BF5003,SISSILI,BF500305,NIABOURI,"2,820","9,227","9,731","18,958",51.33,"9,515","8,912",437,94,27987,48%,
BURKINA FASO,BF50,CENTRE-OUEST,BF5003,SISSILI,BF500306,SILLY,"4,314","13,493","14,972","28,465",52.60,"14,287","13,173",962,43,42021,48%,
BURKINA FASO,BF50,CENTRE-OUEST,BF5003,SISSILI,BF500307,TO,"7,150","22,824","24,787","47,611",52.06,"23,639","22,395","1,472",105,70286,48%,
BURKINA FASO,BF50,CENTRE-OUEST,BF5004,ZIRO,BF500401,BAKATA,"4,089","13,464","14,613","28,077",52.05,"14,473","12,865",667,72,43186,54%,
BURKINA FASO,BF50,CENTRE-OUEST,BF5004,ZIRO,BF500402,BOUGNOUNOU,"2,920","9,608","11,594","21,202",54.68,"10,631","9,627",799,145,32611,54%,
BURKINA FASO,BF50,CENTRE-OUEST,BF5004,ZIRO,BF500403,CASSOU,"6,159","19,693","20,345","40,038",50.81,"19,512","19,223","1,078",225,61583,54%,
BURKINA FASO,BF50,CENTRE-OUEST,BF5004,ZIRO,BF500404,DALO,"1,616","4,993","5,753","10,746",53.54,"5,270","5,038",341,97,16529,54%,
BURKINA FASO,BF50,CENTRE-OUEST,BF5004,ZIRO,BF500405,GAO,"2,701","9,245","10,639","19,884",53.51,"9,957","9,147",664,116,30584,54%,
BURKINA FASO,BF50,CENTRE-OUEST,BF5004,ZIRO,BF500406,SAPOUY,"8,885","27,782","28,186","55,968",101,"27,330","27,050","1,200",388,86085,54%,
BURKINA FASO,BF51,CENTRE-SUD,BF5101,BAZEGA,BF510101,DOULOUGOU,"4,077","12,476","13,702","26,178",52.34,"11,965","12,525","1,533",155,35048,34%,
BURKINA FASO,BF51,CENTRE-SUD,BF5101,BAZEGA,BF510102,GAONGO,"3,659","12,298","13,197","25,495",51.76,"12,841","11,820",703,131,34134,34%,
BURKINA FASO,BF51,CENTRE-SUD,BF5101,BAZEGA,BF510103,IPELCE,"2,052","6,096","6,876","12,972",53.01,"5,987","6,253",669,63,17368,34%,
BURKINA FASO,BF51,CENTRE-SUD,BF5101,BAZEGA,BF510104,KAYAO,"4,572","15,134","18,785","33,919",55.38,"17,009","15,180","1,589",141,45412,34%,
BURKINA FASO,BF51,CENTRE-SUD,BF5101,BAZEGA,BF510105,KOMBISSIRI,"11,121","31,856","36,108","67,964",106,"31,399","32,898","3,425",242,90994,34%,
BURKINA FASO,BF51,CENTRE-SUD,BF5101,BAZEGA,BF510106,SAPONE,"6,662","18,195","20,442","38,637",52.91,"17,891","18,308","2,362",76,51729,34%,
BURKINA FASO,BF51,CENTRE-SUD,BF5101,BAZEGA,BF510107,TOECE,"5,135","15,404","17,856","33,260",53.69,"15,600","15,566","1,949",145,44530,34%,
BURKINA FASO,BF51,CENTRE-SUD,BF5102,NAHOURI,BF510201,GUIARO,"3,111","9,684","9,668","19,352",49.96,"9,366","9,508",407,71,28095,45%,
BURKINA FASO,BF51,CENTRE-SUD,BF5102,NAHOURI,BF510202,PO,"10,119","25,525","26,027","51,552",101,"21,870","27,498","1,875",309,74842,45%,
BURKINA FASO,BF51,CENTRE-SUD,BF5102,NAHOURI,BF510203,TIEBELE,"9,908","26,338","28,647","54,985",52.10,"24,647","27,174","2,961",203,79826,45%,
BURKINA FASO,BF51,CENTRE-SUD,BF5102,NAHOURI,BF510204,ZECCO,"1,646","4,326","4,878","9,204",53.00,"3,875","4,811",472,46,13362,45%,
BURKINA FASO,BF51,CENTRE-SUD,BF5102,NAHOURI,BF510205,ZIOU,"4,050","10,279","11,699","21,978",53.23,"9,840","11,145",892,101,31906,45%,
BURKINA FASO,BF51,CENTRE-SUD,BF5103,ZOUNDWEOGO,BF510301,BERE,"4,151","13,513","15,225","28,738",52.98,"14,262","13,154","1,090",232,40692,42%,
BURKINA FASO,BF51,CENTRE-SUD,BF5103,ZOUNDWEOGO,BF510302,BINDE,"5,786","17,154","19,358","36,512",53.02,"17,591","16,945","1,842",134,51700,42%,
BURKINA FASO,BF51,CENTRE-SUD,BF5103,ZOUNDWEOGO,BF510303,GOGO,"5,998","18,402","19,806","38,208",51.84,"18,763","17,904","1,409",132,54101,42%,
BURKINA FASO,BF51,CENTRE-SUD,BF5103,ZOUNDWEOGO,BF510304,GOMBOUSSOUGOU,"7,733","21,102","25,318","46,420",54.54,"23,304","21,001","1,845",270,65729,42%,
BURKINA FASO,BF51,CENTRE-SUD,BF5103,ZOUNDWEOGO,BF510305,GUIBA,"4,639","14,093","16,064","30,157",53.27,"14,385","14,025","1,559",188,42701,42%,
BURKINA FASO,BF51,CENTRE-SUD,BF5103,ZOUNDWEOGO,BF510306,MANGA,"6,071","15,749","17,293","33,042",105,"14,391","16,880","1,691",80,46786,42%,
BURKINA FASO,BF51,CENTRE-SUD,BF5103,ZOUNDWEOGO,BF510307,NOBERE,"5,026","15,235","17,635","32,870",53.65,"15,838","15,268","1,632",132,348252,959%,X
BURKINA FASO,BF52,EST,BF5201,GNAGNA,BF520101,BILANGA,"14,025","44,681","47,584","92,265",51.57,"48,261","41,146","2,433",425,134749,46%,
BURKINA FASO,BF52,EST,BF5201,GNAGNA,BF520102,BOGANDE,"14,230","41,524","43,314","84,838",100,"42,088","39,976","2,314",460,123902,46%,
BURKINA FASO,BF52,EST,BF5201,GNAGNA,BF520103,COALLA,"7,204","20,881","21,771","42,652",51.04,"21,558","19,611","1,178",305,62291,46%,
BURKINA FASO,BF52,EST,BF5201,GNAGNA,BF520104,LIPTOUGOU,"6,686","20,518","21,305","41,823",50.94,"21,533","19,064","1,025",201,61080,46%,
BURKINA FASO,BF52,EST,BF5201,GNAGNA,BF520105,MANI,"11,823","33,384","35,064","68,448",51.23,"34,223","31,876","1,752",597,99965,46%,
BURKINA FASO,BF52,EST,BF5201,GNAGNA,BF520106,PIELA,"8,943","27,090","28,528","55,618",51.29,"28,296","25,663","1,454",205,81227,46%,
BURKINA FASO,BF52,EST,BF5201,GNAGNA,BF520107,THION,"4,017","11,174","11,851","23,025",51.47,"11,329","10,926",655,115,33627,46%,
BURKINA FASO,BF52,EST,BF5202,GOURMA,BF520201,DIABO,"7,197","19,880","23,141","43,021",53.79,"20,980","19,861","1,985",195,64238,49%,
BURKINA FASO,BF52,EST,BF5202,GOURMA,BF520202,DIAPANGOU,"3,939","12,332","14,178","26,510",53.48,"13,651","11,963",751,145,39584,49%,
BURKINA FASO,BF52,EST,BF5202,GOURMA,BF520203,FADA N'GOURMA,"21,022","62,193","62,384","124,577",100,"58,117","62,734","3,105",621,186016,49%,
BURKINA FASO,BF52,EST,BF5202,GOURMA,BF520204,MATIACOALI,"8,635","27,001","27,515","54,516",50.47,"27,278","25,487","1,371",380,81402,49%,
BURKINA FASO,BF52,EST,BF5202,GOURMA,BF520205,TIBGA,"4,266","13,709","16,479","30,188",54.59,"16,074","12,805","1,107",202,45076,49%,
BURKINA FASO,BF52,EST,BF5202,GOURMA,BF520206,YAMBA,"3,839","13,155","13,969","27,124",51.50,"14,333","12,008",660,123,40501,49%,
BURKINA FASO,BF52,EST,BF5203,KOMANDJORI,BF520301,BARTIEBOUGOU,"2,743","7,982","8,085","16,067",50.32,"8,241","7,320",398,108,25530,59%,
BURKINA FASO,BF52,EST,BF5203,KOMANDJORI,BF520302,FOUTOURI,"2,601","7,344","7,339","14,683",49.98,"7,193","6,871",374,245,23330,59%,
BURKINA FASO,BF52,EST,BF5203,KOMANDJORI,BF520303,GAYERI,"7,895","24,093","24,664","48,757",99,"24,933","22,271","1,136",417,77472,59%,
BURKINA FASO,BF52,EST,BF5204,KOMPIENGA,BF520401,KOMPIENGA,"5,103","14,666","14,620","29,286",49.92,"14,918","13,587",652,129,50540,73%,
BURKINA FASO,BF52,EST,BF5204,KOMPIENGA,BF520402,MADJOARI,"1,529","4,610","4,675","9,285",50.35,"4,654","4,307",244,80,16023,73%,
BURKINA FASO,BF52,EST,BF5204,KOMPIENGA,BF520403,PAMA,"6,421","19,081","18,215","37,296",98,"18,051","18,161",780,304,64363,73%,
BURKINA FASO,BF52,EST,BF5205,TAPOA,BF520501,BOTOU,"7,290","23,459","23,500","46,959",50.04,"23,385","22,158","1,174",242,71782,53%,
BURKINA FASO,BF52,EST,BF5205,TAPOA,BF520502,DIAPAGA,,,,"32,620",,,,,,49863,53%,
BURKINA FASO,BF52,EST,BF5205,TAPOA,BF520503,KANTCHARI,"9,307","29,356","29,837","59,193",50.41,"29,782","27,507","1,490",414,90483,53%,
BURKINA FASO,BF52,EST,BF5205,TAPOA,BF520504,LOGOBOU,"8,333","29,953","31,465","61,418",51.23,"33,972","25,756","1,388",302,93884,53%,
BURKINA FASO,BF52,EST,BF5205,TAPOA,BF520505,NAMOUNOU,"2,301","7,442","7,616","15,058",50.58,"7,358","7,204",392,104,23018,53%,
BURKINA FASO,BF52,EST,BF5205,TAPOA,BF520506,PARTIAGA,"7,501","24,896","25,179","50,075",50.28,"25,877","22,820","1,083",295,76545,53%,
BURKINA FASO,BF52,EST,BF5205,TAPOA,BF520507,TAMBAGA,"5,647","19,956","20,961","40,917",51.23,"21,275","18,281","1,064",297,62546,53%,
BURKINA FASO,BF52,EST,BF5205,TAPOA,BF520508,TANSARGA,"4,770","17,925","18,140","36,065",50.30,"19,300","15,699",812,254,55129,53%,
BURKINA FASO,BF53,HAUTS-BASSINS,BF5301,HOUET,BF530101,BAMA,"11,651","34,699","35,039","69,738",50.24,"32,724","34,620","2,040",354,105569,51%,
BURKINA FASO,BF53,HAUTS-BASSINS,BF5301,HOUET,BF530102,BOBO-DIOULASSO,"106,660","275,703","278,339","554,042",201,"210,238","327,784","13,070","2,950",802257,45%,
BURKINA FASO,BF53,HAUTS-BASSINS,BF5301,HOUET,BF530103,DANDE,"3,553","10,429","10,872","21,301",51.04,"9,956","10,576",630,139,32245,51%,
BURKINA FASO,BF53,HAUTS-BASSINS,BF5301,HOUET,BF530104,FARAMANA,"2,839","8,276","8,363","16,639",50.26,"8,102","8,105",404,28,25188,51%,
BURKINA FASO,BF53,HAUTS-BASSINS,BF5301,HOUET,BF530105,FO,"3,406","9,935","10,566","20,501",51.54,"9,985","9,879",457,180,31034,51%,
BURKINA FASO,BF53,HAUTS-BASSINS,BF5301,HOUET,BF530106,KARANGASSO - SAMBLA,"4,003","12,745","12,561","25,306",49.64,"12,259","12,393",603,51,38308,51%,
BURKINA FASO,BF53,HAUTS-BASSINS,BF5301,HOUET,BF530107,KARANGASSO - VIGUE,"11,728","38,033","37,448","75,481",49.61,"35,281","38,083","1,715",402,114262,51%,
BURKINA FASO,BF53,HAUTS-BASSINS,BF5301,HOUET,BF530108,KOUNDOUGOU,"2,798","8,363","8,812","17,175",51.31,"7,992","8,441",523,219,25999,51%,
BURKINA FASO,BF53,HAUTS-BASSINS,BF5301,HOUET,BF530109,LENA,"3,083","8,973","9,265","18,238",50.80,"8,931","8,672",552,83,27608,51%,
BURKINA FASO,BF53,HAUTS-BASSINS,BF5301,HOUET,BF530110,PADEMA,"7,262","24,177","25,902","50,079",51.72,"24,905","23,464","1,328",382,75809,51%,
BURKINA FASO,BF53,HAUTS-BASSINS,BF5301,HOUET,BF530111,PENI,"5,067","17,003","17,054","34,057",50.07,"16,133","16,911",897,116,51555,51%,
BURKINA FASO,BF53,HAUTS-BASSINS,BF5301,HOUET,BF530112,SATIRI,"5,774","17,577","18,372","35,949",51.11,"17,314","17,286","1,026",323,54419,51%,
BURKINA FASO,BF53,HAUTS-BASSINS,BF5301,HOUET,BF530113,TOUSSIANA,"2,709","8,173","8,772","16,945",51.77,"7,690","8,355",825,75,25651,51%,
BURKINA FASO,BF53,HAUTS-BASSINS,BF5302,KENEDOUGOU,BF530201,BANZON,"2,613","7,337","7,548","14,885",50.71,"6,931","7,509",375,70,22670,52%,
BURKINA FASO,BF53,HAUTS-BASSINS,BF5302,KENEDOUGOU,BF530202,DJIGOUERA,"2,645","8,388","8,624","17,012",50.69,"8,057","8,479",422,54,25909,52%,
BURKINA FASO,BF53,HAUTS-BASSINS,BF5302,KENEDOUGOU,BF530203,KANGALA,"3,786","10,875","12,162","23,037",52.79,"11,211","10,816",905,105,35085,52%,
BURKINA FASO,BF53,HAUTS-BASSINS,BF5302,KENEDOUGOU,BF530204,KAYAN,"3,499","9,850","10,408","20,258",51.38,"9,723","9,930",503,102,30853,52%,
BURKINA FASO,BF53,HAUTS-BASSINS,BF5302,KENEDOUGOU,BF530205,KOLOKO,"3,377","9,929","9,925","19,854",49.99,"9,498","9,668",621,67,30237,52%,
BURKINA FASO,BF53,HAUTS-BASSINS,BF5302,KENEDOUGOU,BF530206,KOURINION,"2,292","7,047","7,493","14,540",51.53,"6,910","7,151",464,15,22144,52%,
BURKINA FASO,BF53,HAUTS-BASSINS,BF5302,KENEDOUGOU,BF530207,KOUROUMA,"5,834","17,484","17,638","35,122",50.22,"17,102","17,073",725,222,53490,52%,
BURKINA FASO,BF53,HAUTS-BASSINS,BF5302,KENEDOUGOU,BF530208,MOROLABA,"3,619","9,927","10,246","20,173",50.79,"10,337","9,326",483,27,30723,52%,
BURKINA FASO,BF53,HAUTS-BASSINS,BF5302,KENEDOUGOU,BF530209,N'DOROLA,"5,364","15,166","14,972","30,138",49.68,"14,664","14,639",711,124,45900,52%,
BURKINA FASO,BF53,HAUTS-BASSINS,BF5302,KENEDOUGOU,BF530210,ORODARA,"5,637","15,745","15,887","31,632",102,"13,226","17,287","1,018",101,48175,52%,
BURKINA FASO,BF53,HAUTS-BASSINS,BF5302,KENEDOUGOU,BF530211,SAMOGOHIRI,"1,094","3,208","3,499","6,707",52.17,"3,197","3,275",221,14,10215,52%,
BURKINA FASO,BF53,HAUTS-BASSINS,BF5302,KENEDOUGOU,BF530212,SAMOROGOUAN,"6,050","17,580","17,435","35,015",49.79,"16,628","17,212",760,415,53327,52%,
BURKINA FASO,BF53,HAUTS-BASSINS,BF5302,KENEDOUGOU,BF530213,SINDO,"2,866","8,414","8,908","17,322",51.43,"8,736","8,173",370,43,26380,52%,
BURKINA FASO,BF53,HAUTS-BASSINS,BF5303,TUY,BF530301,BEKUY,"2,589","8,130","8,524","16,654",51.18,"8,036","8,010",532,76,25209,51%,
BURKINA FASO,BF53,HAUTS-BASSINS,BF5303,TUY,BF530302,BEREBA,"4,219","12,274","12,945","25,219",51.33,"12,139","12,240",729,111,38174,51%,
BURKINA FASO,BF53,HAUTS-BASSINS,BF5303,TUY,BF530303,BONI,"3,168","7,854","8,523","16,377",52.04,"7,552","8,308",445,72,24790,51%,
BURKINA FASO,BF53,HAUTS-BASSINS,BF5303,TUY,BF530304,FOUNZAN,"5,581","15,788","16,636","32,424",51.31,"15,743","15,819",797,65,49080,51%,
BURKINA FASO,BF53,HAUTS-BASSINS,BF5303,TUY,BF530305,HOUNDE,"13,754","37,831","39,167","76,998",102,"35,571","39,291","1,871",265,116552,51%,
BURKINA FASO,BF53,HAUTS-BASSINS,BF5303,TUY,BF530306,KOTI,"4,108","11,745","12,789","24,534",52.13,"11,739","11,967",700,128,37137,51%,
BURKINA FASO,BF53,HAUTS-BASSINS,BF5303,TUY,BF530307,KOUMBIA,"6,008","17,571","18,681","36,252",51.53,"17,327","17,864",953,108,54875,51%,
BURKINA FASO,BF54,NORD,BF5401,LOROUM,BF540101,BANH,"5,239","14,776","15,556","30,332",51.29,"15,273","13,996",969,94,43611,44%,
BURKINA FASO,BF54,NORD,BF5401,LOROUM,BF540102,OUINDIGUI,"4,010","13,065","15,213","28,278",53.80,"14,505","12,517","1,063",193,40658,44%,
BURKINA FASO,BF54,NORD,BF5401,LOROUM,BF540103,SOLLE,"2,699","8,321","9,205","17,526",52.52,"8,953","7,887",609,77,25199,44%,
BURKINA FASO,BF54,NORD,BF5401,LOROUM,BF540104,TITAO,"10,461","31,428","35,289","66,717",105,"33,380","30,392","2,688",257,95926,44%,
BURKINA FASO,BF54,NORD,BF5402,PASSORE,BF540201,ARBOLE,"6,717","20,635","25,213","45,848",54.99,"22,848","20,731","2,111",158,63463,38%,
BURKINA FASO,BF54,NORD,BF5402,PASSORE,BF540202,BAGARE,"3,140","10,870","12,441","23,311",53.37,"12,156","9,996",951,208,32267,38%,
BURKINA FASO,BF54,NORD,BF5402,PASSORE,BF540204,BOKIN,"7,947","25,271","29,273","54,544",53.67,"26,291","25,298","2,560",395,75500,38%,
BURKINA FASO,BF54,NORD,BF5402,PASSORE,BF540205,GOMPONSON,"2,791","8,356","9,912","18,268",54.26,"9,104","8,300",782,82,25287,38%,
BURKINA FASO,BF54,NORD,BF5402,PASSORE,BF540206,KIRSI,"2,798","8,671","10,348","19,019",54.41,"9,647","8,460",790,122,26326,38%,
BURKINA FASO,BF54,NORD,BF5402,PASSORE,BF540207,LA-TODIN,"4,314","13,156","15,036","28,192",53.33,"14,073","12,689","1,236",194,39024,38%,
BURKINA FASO,BF54,NORD,BF5402,PASSORE,BF540208,PILIMPIKOU,"2,568","7,785","9,492","17,277",54.94,"8,669","7,598",922,88,23915,38%,
BURKINA FASO,BF54,NORD,BF5402,PASSORE,BF540209,SAMBA,"5,309","16,179","19,658","35,837",54.85,"17,864","15,974","1,892",107,49606,38%,
BURKINA FASO,BF54,NORD,BF5402,PASSORE,BF540210,YAKO,"13,988","38,223","42,703","80,926",104,"37,294","39,378","3,942",312,112018,38%,
BURKINA FASO,BF54,NORD,BF5403,YATENGA,BF540301,BARGA,"5,102","14,352","15,967","30,319",52.66,"14,610","14,189","1,260",260,42931,42%,
BURKINA FASO,BF54,NORD,BF5403,YATENGA,BF540302,KAIN,"1,678","5,689","5,601","11,290",49.61,"5,744","5,155",338,53,15986,42%,
BURKINA FASO,BF54,NORD,BF5403,YATENGA,BF540303,KALSAKA,"7,335","23,992","27,416","51,408",53.33,"25,675","23,301","2,179",253,72793,42%,
BURKINA FASO,BF54,NORD,BF5403,YATENGA,BF540304,KOSSOUKA,"2,553","7,916","9,281","17,197",53.97,"8,511","7,791",822,73,24351,42%,
BURKINA FASO,BF54,NORD,BF5403,YATENGA,BF540305,KOUMBRI,"6,952","20,893","23,642","44,535",53.09,"22,302","20,047","1,870",316,63061,42%,
BURKINA FASO,BF54,NORD,BF5403,YATENGA,BF540306,NAMISSIGUIMA,"5,382","16,644","18,260","34,904",52.31,"17,234","15,788","1,690",192,49423,42%,
BURKINA FASO,BF54,NORD,BF5403,YATENGA,BF540307,OUAHIGOUYA,"22,702","61,002","64,028","125,030",103,"52,331","66,651","5,259",789,177040,42%,
BURKINA FASO,BF54,NORD,BF5403,YATENGA,BF540308,OULA,"6,678","20,674","24,018","44,692",53.74,"22,492","19,384","2,387",429,63283,42%,
BURKINA FASO,BF54,NORD,BF5403,YATENGA,BF540309,RAMBO,"4,705","15,418","18,601","34,019",54.68,"17,199","15,016","1,612",192,48170,42%,
BURKINA FASO,BF54,NORD,BF5403,YATENGA,BF540310,SEGUENEGA,"8,814","27,762","32,716","60,478",54.10,"29,989","27,456","2,717",316,85636,42%,
BURKINA FASO,BF54,NORD,BF5403,YATENGA,BF540311,TANGAYE,"4,793","15,306","17,306","32,612",53.07,"16,435","14,217","1,634",326,46178,42%,
BURKINA FASO,BF54,NORD,BF5403,YATENGA,BF540312,THIOU,"7,657","23,290","25,006","48,296",51.78,"23,865","21,911","2,057",463,68386,42%,
BURKINA FASO,BF54,NORD,BF5403,YATENGA,BF540313,ZOGORE,"2,510","8,334","10,050","18,384",54.67,"9,449","7,936",962,37,26031,42%,
BURKINA FASO,BF54,NORD,BF5404,ZONDOMA,BF540401,BASSI,"3,188","10,090","11,467","21,557",53.19,"10,681","9,671","1,057",148,31253,45%,
BURKINA FASO,BF54,NORD,BF5404,ZONDOMA,BF540402,BOUSSOU,"3,088","10,821","12,634","23,455",53.86,"12,146","10,310",865,134,34005,45%,
BURKINA FASO,BF54,NORD,BF5404,ZONDOMA,BF540403,GOURCY,"12,315","37,300","43,926","81,226",108,"40,546","36,611","3,776",293,117761,45%,
BURKINA FASO,BF54,NORD,BF5404,ZONDOMA,BF540404,LEBA,"1,430","4,486","5,295","9,781",54.14,"4,981","4,322",447,31,14180,45%,
BURKINA FASO,BF54,NORD,BF5404,ZONDOMA,BF540405,TOUGO,"4,271","13,987","16,551","30,538",54.20,"15,677","13,342","1,347",172,44274,45%,
BURKINA FASO,BF55,PLATEAU CENTRAL,BF5501,GANZOURGOU,BF550101,BOUDRY,"11,934","38,037","41,990","80,027",52.47,"39,507","37,311","2,799",410,113276,42%,
BURKINA FASO,BF55,PLATEAU CENTRAL,BF5501,GANZOURGOU,BF550102,KOGO,"2,043","7,185","8,673","15,858",54.69,"8,217","6,937",614,90,22447,42%,
BURKINA FASO,BF55,PLATEAU CENTRAL,BF5501,GANZOURGOU,BF550103,MEGUET,"5,360","15,823","18,957","34,780",54.51,"16,750","15,954","1,821",255,49230,42%,
BURKINA FASO,BF55,PLATEAU CENTRAL,BF5501,GANZOURGOU,BF550104,MOGTEDO,"8,138","23,836","25,601","49,437",51.79,"23,682","23,838","1,610",307,69977,42%,
BURKINA FASO,BF55,PLATEAU CENTRAL,BF5501,GANZOURGOU,BF550105,SALOGO,"2,845","9,458","11,625","21,083",55.14,"10,597","9,453",892,141,29842,42%,
BURKINA FASO,BF55,PLATEAU CENTRAL,BF5501,GANZOURGOU,BF550106,ZAM,"5,905","19,127","21,040","40,167",52.38,"19,761","18,595","1,535",276,56855,42%,
BURKINA FASO,BF55,PLATEAU CENTRAL,BF5501,GANZOURGOU,BF550107,ZORGHO,"8,012","22,443","25,653","48,096",106,"21,797","23,795","2,289",215,68079,42%,
BURKINA FASO,BF55,PLATEAU CENTRAL,BF5501,GANZOURGOU,BF550108,ZOUNGOU,"4,641","14,060","15,872","29,932",53.03,"14,706","13,760","1,216",250,42368,42%,
BURKINA FASO,BF55,PLATEAU CENTRAL,BF5502,KOURWEOGO,BF550201,BOUSSE,"6,682","19,634","23,718","43,352",109,"21,074","20,094","1,927",257,59574,37%,
BURKINA FASO,BF55,PLATEAU CENTRAL,BF5502,KOURWEOGO,BF550202,LAYE,"1,937","5,658","6,665","12,323",54.09,"6,061","5,466",751,45,16934,37%,
BURKINA FASO,BF55,PLATEAU CENTRAL,BF5502,KOURWEOGO,BF550203,NIOU,"4,133","12,152","14,846","26,998",54.99,"13,082","12,320","1,433",163,37100,37%,
BURKINA FASO,BF55,PLATEAU CENTRAL,BF5502,KOURWEOGO,BF550204,SOURGOUBILA,"5,654","17,288","21,756","39,044",55.72,"19,333","17,569","1,999",143,53654,37%,
BURKINA FASO,BF55,PLATEAU CENTRAL,BF5502,KOURWEOGO,BF550205,TOEGHIN,"2,475","7,425","9,075","16,500",55.00,"8,112","7,539",755,94,22675,37%,
BURKINA FASO,BF55,PLATEAU CENTRAL,BF5503,OUBRITENGA,BF550301,ABSOUYA,"3,479","11,874","14,464","26,338",54.92,"12,978","12,202","1,046",112,36793,40%,
BURKINA FASO,BF55,PLATEAU CENTRAL,BF5503,OUBRITENGA,BF550302,DAPELOGO,"5,360","16,733","19,256","35,989",53.51,"17,538","16,643","1,672",136,50275,40%,
BURKINA FASO,BF55,PLATEAU CENTRAL,BF5503,OUBRITENGA,BF550303,LOUMBILA,"4,671","13,705","14,227","27,932",50.93,"12,745","13,854","1,202",131,39020,40%,
BURKINA FASO,BF55,PLATEAU CENTRAL,BF5503,OUBRITENGA,BF550304,NAGREONGO,"3,523","11,108","12,210","23,318",52.36,"11,452","10,897",807,162,32574,40%,
BURKINA FASO,BF55,PLATEAU CENTRAL,BF5503,OUBRITENGA,BF550305,OURGOU-MANEGA,"2,929","9,507","10,980","20,487",53.59,"10,061","9,390",803,233,28619,40%,
BURKINA FASO,BF55,PLATEAU CENTRAL,BF5503,OUBRITENGA,BF550306,ZINIARE,"10,460","29,940","33,032","62,972",105,"28,867","31,085","2,754",266,87969,40%,
BURKINA FASO,BF55,PLATEAU CENTRAL,BF5503,OUBRITENGA,BF550307,ZITENGA,"6,388","19,595","22,144","41,739",53.05,"19,768","20,076","1,692",203,58307,40%,
BURKINA FASO,BF56,SAHEL,BF5601,OUDALAN,BF560101,DEOU,"4,575","12,857","12,464","25,321",49.22,"12,524","11,963",672,162,38406,52%,
BURKINA FASO,BF56,SAHEL,BF5601,OUDALAN,BF560102,GOROM-GOROM,"21,422","53,129","53,217","106,346",99,"47,660","54,459","3,502",725,161300,52%,
BURKINA FASO,BF56,SAHEL,BF5601,OUDALAN,BF560103,MARKOYE,"5,525","13,659","13,819","27,478",50.29,"12,969","13,524",823,162,41677,52%,
BURKINA FASO,BF56,SAHEL,BF5601,OUDALAN,BF560104,OURSI,"2,902","7,744","8,062","15,806",51.01,"7,576","7,688",470,72,23974,52%,
BURKINA FASO,BF56,SAHEL,BF5601,OUDALAN,BF560105,TIN-AKOFF,"3,781","10,174","10,839","21,013",51.58,"10,353","9,998",546,116,31871,52%,
BURKINA FASO,BF56,SAHEL,BF5602,SENO,BF560201,BANI,"12,157","29,435","29,843","59,278",50.34,"26,404","30,432","2,158",284,86325,46%,
BURKINA FASO,BF56,SAHEL,BF5602,SENO,BF560202,DORI,"23,267","52,992","53,816","106,808",101,"45,292","56,890","4,146",480,155542,46%,
BURKINA FASO,BF56,SAHEL,BF5602,SENO,BF560203,FALAGOUNTOU,"3,510","8,914","9,266","18,180",50.97,"8,863","8,755",452,110,26475,46%,
BURKINA FASO,BF56,SAHEL,BF5602,SENO,BF560204,GORGADJI,"5,433","14,693","15,220","29,913",50.88,"14,218","14,481",990,224,43562,46%,
BURKINA FASO,BF56,SAHEL,BF5602,SENO,BF560205,SAMPELGA,"3,929","9,711","9,516","19,227",49.49,"8,804","9,703",622,98,28000,46%,
BURKINA FASO,BF56,SAHEL,BF5602,SENO,BF560206,SEYTENGA,"6,130","16,009","15,576","31,585",49.31,"14,733","15,723",986,143,45996,46%,
BURKINA FASO,BF56,SAHEL,BF5603,SOUM,BF560301,ARBINDA,"14,527","44,525","46,495","91,020",51.08,"45,891","42,024","2,346",759,135323,49%,
BURKINA FASO,BF56,SAHEL,BF5603,SOUM,BF560302,BARABOULE,"5,452","14,556","15,327","29,883",51.29,"14,601","14,195",983,104,44428,49%,
BURKINA FASO,BF56,SAHEL,BF5603,SOUM,BF560303,DIGUEL,"1,852","4,503","4,486","8,989",49.91,"4,282","4,338",289,80,13364,49%,
BURKINA FASO,BF56,SAHEL,BF5603,SOUM,BF560304,DJIBO,"11,267","30,155","29,887","60,042",100,"27,505","30,198","1,836",503,89267,49%,
BURKINA FASO,BF56,SAHEL,BF5603,SOUM,BF560305,KELBO,"3,751","11,699","12,458","24,157",51.57,"12,518","10,845",690,104,35915,49%,
BURKINA FASO,BF56,SAHEL,BF5603,SOUM,BF560306,KOUTOUGOU,"3,452","9,402","9,253","18,655",49.60,"9,249","8,764",370,272,27735,49%,
BURKINA FASO,BF56,SAHEL,BF5603,SOUM,BF560307,NASSOUMBOU,"3,757","10,212","9,953","20,165",49.36,"9,721","9,758",566,120,29980,49%,
BURKINA FASO,BF56,SAHEL,BF5603,SOUM,BF560308,POBE-MANGAO,"3,985","11,647","12,405","24,052",51.58,"11,799","11,139",876,238,35759,49%,
BURKINA FASO,BF56,SAHEL,BF5603,SOUM,BF560309,TONGOMAYEL,"12,476","34,806","35,566","70,372",50.54,"34,874","32,845","2,017",636,104625,49%,
BURKINA FASO,BF56,SAHEL,BF5604,YAGHA,BF560401,BOUNDORE,"4,051","11,383","11,390","22,773",50.02,"11,344","10,808",517,104,33889,49%,
BURKINA FASO,BF56,SAHEL,BF5604,YAGHA,BF560402,MANSILA,"7,941","21,543","21,262","42,805",49.67,"20,371","20,756","1,232",446,63699,49%,
BURKINA FASO,BF56,SAHEL,BF5604,YAGHA,BF560403,SEBBA,"6,100","16,337","16,037","32,374",99,"15,249","15,912",946,267,48176,49%,
BURKINA FASO,BF56,SAHEL,BF5604,YAGHA,BF560404,SOLHAN,"4,620","12,535","12,573","25,108",50.08,"12,023","12,205",743,137,37363,49%,
BURKINA FASO,BF56,SAHEL,BF5604,YAGHA,BF560405,TANKOUGOUNADIE,"3,059","8,302","8,151","16,453",49.54,"7,981","7,867",494,111,24484,49%,
BURKINA FASO,BF56,SAHEL,BF5604,YAGHA,BF560406,TITABE,"3,848","10,453","10,186","20,639",49.35,"9,872","9,990",592,185,30713,49%,
BURKINA FASO,BF57,SUD-OUEST,BF5701,BOUGOURIBA,BF570101,BONDIGUI,"2,676","8,606","8,768","17,374",50.47,"8,252","8,557",462,103,25385,46%,
BURKINA FASO,BF57,SUD-OUEST,BF5701,BOUGOURIBA,BF570102,DIEBOUGOU,"7,622","20,870","21,197","42,067",100,"18,452","22,139","1,341",135,61464,46%,
BURKINA FASO,BF57,SUD-OUEST,BF5701,BOUGOURIBA,BF570103,DOLO,"1,441","4,184","4,247","8,431",50.37,"3,954","4,015",433,29,12318,46%,
BURKINA FASO,BF57,SUD-OUEST,BF5701,BOUGOURIBA,BF570104,IOLONIORO,"3,044","9,911","10,777","20,688",52.09,"10,355","9,683",594,56,30227,46%,
BURKINA FASO,BF57,SUD-OUEST,BF5701,BOUGOURIBA,BF570105,TIANKOURA,"1,934","5,869","7,050","12,919",54.57,"6,503","5,803",554,59,18876,46%,
BURKINA FASO,BF57,SUD-OUEST,BF5702,IOBA,BF570201,DANO,"8,438","22,194","24,363","46,557",104,"21,091","23,963","1,323",180,64464,38%,
BURKINA FASO,BF57,SUD-OUEST,BF5702,IOBA,BF570202,DISSIN,"6,922","18,317","19,459","37,776",51.51,"17,160","18,682","1,752",182,52306,38%,
BURKINA FASO,BF57,SUD-OUEST,BF5702,IOBA,BF570203,GUEGUERE,"5,863","15,887","16,747","32,634",51.32,"15,446","16,167",900,121,45186,38%,
BURKINA FASO,BF57,SUD-OUEST,BF5702,IOBA,BF570204,KOPER,"2,917","8,035","8,270","16,305",50.72,"7,336","8,308",586,75,22576,38%,
BURKINA FASO,BF57,SUD-OUEST,BF5702,IOBA,BF570205,NIEGO,"1,634","4,526","4,759","9,285",51.25,"4,043","4,393",252,597,12856,38%,
BURKINA FASO,BF57,SUD-OUEST,BF5702,IOBA,BF570206,ORONKUA,"3,515","10,175","11,087","21,262",52.14,"10,092","10,543",531,96,29440,38%,
BURKINA FASO,BF57,SUD-OUEST,BF5702,IOBA,BF570207,OUESSA,"1,924","5,125","5,117","10,242",49.96,"4,441","5,403",370,28,14181,38%,
BURKINA FASO,BF57,SUD-OUEST,BF5702,IOBA,BF570208,ZAMBO,"3,194","8,986","9,274","18,260",50.79,"8,582","8,915",709,54,25285,38%,
BURKINA FASO,BF57,SUD-OUEST,BF5703,NOUMBIEL,BF570301,BATIE,"5,036","15,739","16,224","31,963",101,"16,142","14,760",963,98,47314,48%,
BURKINA FASO,BF57,SUD-OUEST,BF5703,NOUMBIEL,BF570302,BOUSSOUKOULA,"1,147","3,538","3,673","7,211",50.94,"3,707","3,311",183,10,10674,48%,
BURKINA FASO,BF57,SUD-OUEST,BF5703,NOUMBIEL,BF570303,KPERE,893,"3,176","3,390","6,566",51.63,"3,446","2,863",191,66,9720,48%,
BURKINA FASO,BF57,SUD-OUEST,BF5703,NOUMBIEL,BF570304,LEGMOIN,"2,384","6,628","6,759","13,387",50.49,"6,395","6,479",488,25,19817,48%,
BURKINA FASO,BF57,SUD-OUEST,BF5703,NOUMBIEL,BF570305,MIDEBDO,"1,618","5,160","5,749","10,909",52.70,"5,668","4,913",304,24,16148,48%,
BURKINA FASO,BF57,SUD-OUEST,BF5704,PONI,BF570401,BOUROUM-BOUROUM,"1,591","4,823","5,408","10,231",52.86,"5,066","4,764",389,12,14864,45%,
BURKINA FASO,BF57,SUD-OUEST,BF5704,PONI,BF570402,BOUSSERA,"2,589","8,342","9,492","17,834",53.22,"9,373","7,436",915,110,25911,45%,
BURKINA FASO,BF57,SUD-OUEST,BF5704,PONI,BF570403,DJIGOUE,"3,008","9,856","10,463","20,319",51.49,"10,128","9,674",395,122,29521,45%,
BURKINA FASO,BF57,SUD-OUEST,BF5704,PONI,BF570404,GAOUA,"9,986","25,024","27,709","52,733",105,"22,715","27,715","2,119",184,76615,45%,
BURKINA FASO,BF57,SUD-OUEST,BF5704,PONI,BF570405,GBOMBLORA,"2,767","8,902","9,891","18,793",52.63,"9,298","8,353","1,095",47,27304,45%,
BURKINA FASO,BF57,SUD-OUEST,BF5704,PONI,BF570406,KAMPTI,"7,559","21,823","22,027","43,850",50.23,"19,505","22,699","1,395",251,63709,45%,
BURKINA FASO,BF57,SUD-OUEST,BF5704,PONI,BF570407,LOROPENI,"6,928","21,467","23,724","45,191",52.50,"22,435","20,964","1,628",164,65657,45%,
BURKINA FASO,BF57,SUD-OUEST,BF5704,PONI,BF570408,MALBA,"1,729","5,245","6,154","11,399",53.99,"5,844","4,875",582,98,16561,45%,
BURKINA FASO,BF57,SUD-OUEST,BF5704,PONI,BF570409,NAKO,"4,224","12,940","14,976","27,916",53.65,"13,812","12,705","1,260",139,40559,45%,
BURKINA FASO,BF57,SUD-OUEST,BF5704,PONI,BF570410,PERIGBAN,"1,271","3,916","4,749","8,665",54.81,"4,388","3,874",362,41,12591,45%,
