type,name,label,hint,required,relevant,choice_filter,calculation,appearance,constraint,constraint_message,repeat_count,default,$given_name
start,start,,,,,,,,,,,,
end,end,,,,,,,,,,,,
today,today,,,,,,,,,,,,
deviceid,deviceid,,,,,,,,,,,,
audit,audit,,,,,,,,,,,,
select_one oui_non,consensus_note,"Bonjour, mon nom est ..... et je travaille pour REACH. 

Nous mettons en place une étude multisectorielle nationale d'évaluation des besoins et nous souhaitons vous poser quelques questions sur votre situation - niveau de vos revenus, accès à la nourriture/eau, à la santé, à l'éducation et sur votre protection. 

Le questionnaire prendra environ 1 heure. 

Toute information que vous nous donnerez restera strictement anonyme. 

C'est une activité volontaire, et vous être libre pour chaque question de ne pas vouloir répondre et/ou de mettre fin à l'enquête à tout moment du questionnaire. 

Néanmoins, nous espérons que vous participerez car votre point de vue est important. 

Il est également essentiel de comprendre que nous sommes là uniquement pour nous renseigner sur les conditions de vie des habitants de la localité et non pas pour apporter une réponse humanitaire. 

Avez-vous des questions ? Est-ce que je peux commencer ?",,true,,,,,,,,,
begin_group,CONSENSUS,Accord confirmé,,true,"selected(${consensus_note}, ""oui"")",,,,,,,,
begin_group,enquete,Questions sur l'enquêteur,,,,,,,,,,,
select_one base_liste,base,"S'il vous plait, précisez votre base d'affectation :",,true,,,,,,,,,
select_one modalite,modalite,Comment réalisez-vous cette enquête?,,true,,,,,,,,,
select_one id_liste,enumerator_id,"S'il vous plait, spécifiez votre numéro d'enquêteur/d'enquêtrice (ID)",,true,,info_base=${base},,,,,,,
calculate,global_enum_id,,,true,,,"concat(${base}, ""_"", ${enumerator_id})",,,,,,
select_one genre,sexe_enqueteur,"S'il vous plait, spécifiez votre sexe (enquêteur/trice)",,true,,,,,,,,,
end_group,,,,,,,,,,,,,
begin_group,info_localite,Informations sur la localité,,,,,,,,,,,
select_one admin1,admin1,Dans quelle région l'enquête est-elle réalisée ?,,true,,,,,,,,,
select_one admin2,admin2,Dans quelle province l'enquête est-elle réalisée ?,,true,,info_admin1=${admin1},,,,,,,
select_one admin3,admin3,Dans quelle commune l'enquête est-elle réalisée ?,,true,,info_admin2=${admin2},,,,,,,
select_one localite_list,localite,Quel est le nom de la localité ?,,true,,info_admin3=${admin3},,,,,,,
text,autre_localite,"Si autre localité, veuillez écrire le nom exact de la localité",,true,"selected(${localite}, ""autre"")",,,,,,,,
calculate,info_local_final,,,true,,,"if(selected(${localite}, ""autre""), jr:choice-name(${autre_localite}, '${autre_localite}'), jr:choice-name(${localite},'${localite}'))",,,,,,
calculate,info_local_final1,,,true,,,"substring-before(${info_local_final},'#')",,,,,,
calculate,pcode,,,true,,,"substring-after(${info_local_final},'#')",,,,,,
begin_group,ortho_localite,,,,,,,field-list,,,,,
note,note_ortho,Vous venez de dire que le nom de la localité est : ${info_local_final1},,,,,,,,,,,
select_one oui_non,iden_ortho,Est-ce la même orthographe que le nom habituel de la localité?,,true,,,,,,,,,
text,bonne_ortho,"Si non, inscrivez le nom de la localité avec la bonne orthographe",,true,"selected(${iden_ortho},""non"")",,,,,,,,
end_group,ortho_localite,,,,,,,,,,,,
end_group,info_local,,,,,,,,,,,,
begin_group,info_informateur,Informations générales sur l'enquêté,,,,,,,,,,,
note,info_ic,Nous allons vous poser des questions concernant vous et/ou le chef de ménage,"Définition : Un ménage est généralement défini comme l'ensemble des membres d'une même famille vivant sous le même toit qui dépendent financièrement d'un même revenu et partagent les mêmes repas et reconnaissancent de l'autorité d'une personne. 

Dans le cas ou de nombreux ménages vivent en communauté, merci de vous concentrer sur les membres de la famille nucléaire immédiate du répondant (père, mère, enfants, autres proches vivant de façon permanente avec le ménage et dépendant lui)

Si le ménage accueille un ou plusieurs autres ménages PDI, ou si le ménage est un ménage PDI accueilli par un ménage hôte, merci de vous concentrer ou bien sur le ménage hôte seulement, ou bien sur le ménage déplacé seulement.

Instruction : si deux différents ménages vivent sous le même toi mais ne partagent PAS les mêmes revenus ou les mêmes repas, alors choisir aléatoirement (en lançant une pièce de monnaie et choisir à pile ou face par exemple) le ménage qui sera interrogé.",,,,,,,,,,
select_one genre,ic_genre,Quel est le sexe de l'enquêté ?,,true,,,,,,,,,
integer,ic_age,Quel est l'âge de l'enquêté ?,,true,,,,,.>17 and .<126,L'âge de l'enquêté doit être compris entre 18 et 126 ans,,,
select_one oui_non,chef_menage,Etes-vous chef de ménage ?,,true,,,,,,,,,
select_one genre,genre_chef_menage,"Si vous n'êtes pas le chef de ménage, le chef de ménage est-il un homme ou une femme ?",,true,"selected(${chef_menage},""non"")",,,,,,,,
integer,age_chef_menage,"Si pas le chef du ménage : 

Quel est l'âge du chef du ménage ?",,true,"selected(${chef_menage},""non"")",,,,,,,,
select_one situation_matrimoniale,situation_matrimoniale,Quelle est la situation matrimoniale du ménage ?,,true,,,,,,,,,
select_one chef_profession,profession_chef,Profession du chef de ménage:,,true,,,,,,,,,
select_one pop_group,group_pop,A quel groupe de population appartient votre ménage?,,true,,,,,,,,,
calculate,group_pop1,,,true,,,"jr:choice-name(${group_pop}, '${group_pop}')",,,,,,
select_one admin1,region_pdi_mn,"Vous venez de dire que vous êtes ${group_pop1}. 
Quelle est votre REGION d'origine?",,true,"selected(${group_pop},""pdi"") or selected(${group_pop},""migrant_burkina"")",,,,,,,,
select_one admin2,province_pdi_mn,"Vous venez de dire que vous êtes ${group_pop1}. 
Quelle est votre PROVINCE d'origine?",,true,"selected(${group_pop},""pdi"") or selected(${group_pop},""migrant_burkina"")",info_admin1=${region_pdi_mn},,,,,,,
select_one pays,pays_rapatrie_mint,"Vous venez de dire que vous êtes ${group_pop1}.
Quelle est votre pays d'origine?",,true,"selected(${group_pop},""refugie"") or selected(${group_pop},""migrant_int"")",,,,,,,,
text,autre_pays_refuge_mint,"Si autre pays d'origine, veuillez préciser",,true,"selected(${pays_rapatrie_mint},""autre"")",,,,,,,,
select_one pays,pays_rapatrie,"Vous venez de dire que vous êtes ${group_pop1}.
Dans quel pays étiez-vous?",,true,"selected(${group_pop},""rapatrie"")",,,,,,,,
select_one admin1,region_retourne,"Vous venez de dire que vous êtes ${group_pop1}. 
Dans quelle est REGION vous étiez déplacés?",,true,"selected(${group_pop},""retourne"")",,,,,,,,
select_one admin2,province_retourne,"Vous venez de dire que vous êtes ${group_pop1}.
Dans quelle est PROVINCE vous étiez déplacés?",,true,"selected(${group_pop},""retourne"")",info_admin1=${region_retourne},,,,,,,
select_one condition_pdi,pdi_condition,"Si le ménage est en situation de déplacement, dans quelle condition vivez-vous :",,true,"selected(${chef_menage},""pdi"")",,,,,,,,
select_one deplacement_raison,raison_deplacement,Quelle est la raison principale pour laquelle vous avez fuit votre localité d'origine (premier déplacement) ?,,true,"selected(${group_pop},""pdi"")",,,,,,,,
text,autre_raison_deplacement,"Si autre raison pour avoir fuit la localité, veuillez préciser",,true,"selected(${raison_deplacement},""autre"")",,,,,,,,
select_one installation_raison,raison_installation,Quelle est la raison principale pour laquelle vous vous êtes retrouvé dans cette localité ${localite} ?,,true,"selected(${group_pop},""pdi"")",,,,,,,,
text,autre_raison_installation,"Si autre raison raison principale, veuillez préciser:",,,"selected(${raison_installation},""autre"")",,,,,,,,
select_one deplacement_duree,duree_deplacement,Depuis combien de temps êtes-vous parti de votre localité d'origine?,,,"selected(${group_pop},""pdi"")",,,,,,,,
select_one oui_non_nsp,retour,Seriez-vous prêts à envisager un retour dans votre localité d'origine si les conditions favorables étaient réunies?,,true,"selected(${group_pop},""pdi"")",,,,,,,,
select_multiple condition_retour,retour_condition,Quelles seraient les conditions requises pour envisager un retour dans votre localité d'origine ?,Merci de sélectionner au maximum 3 réponses,,"selected(${retour},""oui"")",,,,"(count-selected(.) <= 3 and not(selected(.,""nsp"") and count-selected( . ) > 1))",Vous ne pouvez pas excéder 3 réponses,,,
text,autre_retour_condition,"Si autre condition, veuillez préciser",,,"selected(${retour_condition},""autre"")",,,,,,,,
integer,taille_menage,Votre ménage compte combien de personnes?,"Merci de compter tous les membres de votre ménage habituel immédiat, vous y compris. Si vous acceuillez un ménage PDI ou encore si vous êtes un ménage PDI qui est accueilli par une autre famille, ne pas compter les membres de l'autre famille.",,,,,,.>0 and .<=100,Rappel: Le nombre de membre est strictement supérieur à 0 et inférieur à 100.,,,
begin_repeat,personne_grp_rep,,,,,,,,,,${taille_menage},,
calculate,hh_membres,,,,,,position(..),,,,,,
integer,age_hh,PERSONNE ${hh_membres}: Quel est l'âge de cette personne ? (Merci de citer les membres du ménage du plus jeune au plus âgé et de vous inclure vous-même),"Si l'enfant a moins de 1 ans, mettre 0.",true,,,,,.<= 100,Vous avez mis plus de 100 ans. Merci de vérifier vos chiffres.,,,
integer,age_hh_months,PERSONNE ${hh_membres}: combien de mois a ce nourrison ?,,true,${age_hh} = 0,,,,.< 12,"Entrer entre 0 et 12 . Si plus de 12 mois, entrer l'âge en année.",,,
calculate,moins_2ans,,,true,,,"if(${age_hh}<2, 1, 0)",,,,,,
calculate,age_6_59m,,,true,,,"if((${age_hh}<5 and ${age_hh_months}>5), 1, 0)",,,,,,
calculate,moins_5ans,,,true,,,"if(${age_hh}<5, 1, 0)",,,,,0,
calculate,age_3_5ans,,,true,,,"if(${age_hh}>=3 and ${age_hh}<=5, 1, 0)",,,,,,
calculate,age_6_12ans,,,true,,,"if(${age_hh}>=6 and ${age_hh}<=12, 1, 0)",,,,,,
calculate,age_13_17ans,,,true,,,"if(${age_hh}>=13 and ${age_hh}<=17, 1, 0)",,,,,,
calculate,age_0_5mois,,,true,,,"if(${age_hh}<1 and ${age_hh_months}<6, 1, 0)",,,,,0,
calculate,age_12_23mois,,,true,,,"if((${age_hh}<1 and ${age_hh_months}>12 and ${age_hh_months}<=23), 1, 0)",,,,,,
calculate,moins_1an,,,true,,,"if(${age_hh}<=1, 1, 0)",,,,,0,
calculate,age_6m_15ans,,,true,,,"if((${age_hh}<16 and ${age_hh}>0) or (${age_hh_months}>5), 1, 0)",,,,,0,
calculate,age_5_17ans,,,true,,,"if(${age_hh}>4 and ${age_hh}<=17, 1, 0)",,,,,0,
calculate,age_0_17ans,,,true,,,"if(${age_hh}<18, 1, 0)",,,,,,
calculate,age_18_59ans,,,true,,,"if((${age_hh}>17 and ${age_hh}<=59), 1, 0)",,,,,0,
calculate,age_60an_plus,,,true,,,"if(${age_hh}>=60, 1, 0)",,,,,,
select_one genre,sexe_hh,PERSONNE ${hh_membres}: Quel est le genre de cette personne ?,,true,,,,,,,,,
calculate,agegrp_0_17_femmes,,,true,,,"if(${age_hh}<=17 and selected(${sexe_hh},'femme'), 1 , 0)",,,,,0,
calculate,agegrp_0_17_hommes,,,true,,,"if(${age_hh}<=17 and selected(${sexe_hh},'homme'), 1 , 0)",,,,,0,
calculate,agegrp_0_17,,,true,,,"if(${age_hh}<=17, 1, 0)",,,,,0,
calculate,agegrp_18plus_femmes,,,true,,,"if(${age_hh}>17 and selected(${sexe_hh},'femme'), 1 , 0)",,,,,0,
calculate,agegrp_18plus_hommes,,,true,,,"if(${age_hh}>17 and selected(${sexe_hh},'homme'), 1 , 0)",,,,,0,
calculate,agegrp_3_5_femmes,,,true,,,"if((${age_hh}<=5 and ${age_hh}>=3)  and selected(${sexe_hh},'femme'), 1 , 0)",,,,,0,
calculate,agegrp_3_5_hommes,,,true,,,"if((${age_hh}<=5 and ${age_hh}>=3)  and selected(${sexe_hh},'homme'), 1 , 0)",,,,,0,
calculate,agegrp_6_12_femmes,,,true,,,"if((${age_hh}<=12 and ${age_hh}>5)  and selected(${sexe_hh},'femme'), 1 , 0)",,,,,0,
calculate,agegrp_6_12_hommes,,,true,,,"if((${age_hh}<=12 and ${age_hh}>5)  and selected(${sexe_hh},'homme'), 1 , 0)",,,,,0,
calculate,agegrp_13_17_femmes,,,true,,,"if((${age_hh}<=17 and ${age_hh}>12)  and selected(${sexe_hh},'femme'), 1 , 0)",,,,,0,
calculate,agegrp_13_17_hommes,,,true,,,"if((${age_hh}<=17 and ${age_hh}>12)  and selected(${sexe_hh},'homme'), 1 , 0)",,,,,0,
calculate,agregp_femmes,,,true,,,"if(selected(${sexe_hh},'femme'), 1 , 0)",,,,,0,
calculate,agregp_hommes,,,true,,,"if(selected(${sexe_hh},'homme'), 1 , 0)",,,,,0,
begin_group,education,Education,,,,,,,,,,,
select_one oui_non_nsp,statut_educatif,"Pour cet enfant, en excluant la fermeture des écoles entraînée par le COVID-19, a-t-il suivit les cours durant l'année scolaire 2019-2020 dans une école formelle?","L'éducation formelle concerne le Préscolaire, le Primaire, le Post-primaire, le Secondaire et le Supérieur. Elle prend en compte l'enseignement Franco-arabe",true,${age_hh}>=3 and ${age_hh}<18,,,,,,,,
select_one liste_non_education,pas_educ,"Pour cet enfant qui n'a pas suivi les cours dans une école classique, était-il dans une:","L'éducation informelle: c'est toute forme d'éducation non structurée concourrant à la formation de l'individu et à son insertion sociale. Elle est acquise à travers les canaux suivants: la cellule familiale, les communautés traditionnelles et religieuses, les organisations politiques, les groupes sociaux, les mass média et les autres moyens de communications, les mouvements associatifs. Par exemple quelqu'un qui apprend à faire la menuisierie, de la soudure auprès d'un parent.

L'éducation non formelle: Toutes les activités d'éducation et de formation structurées et organisées dans un cadre non scolaire. Elle comprend notamment l'alphabétisation, les formations professionnelles. Il peut s'agir de quelqu'un qui suit une formation (Soudure, menuserie, coiffure, couture, etc) dans un centre de formation publique ou privé reconnu par l'Etat.",true,"${age_hh}>=3 and ${age_hh}<18 and not(selected(${statut_educatif},""oui""))",,,,,,,,
calculate,educ_3_5an_garcon,Education formelle des garçons de 3 à 5 ans,,true,,,"if((${age_hh}<=5 and ${age_hh}>2)  and selected(${sexe_hh},'homme') and selected(${statut_educatif},'oui'), 1 , 0)",,,,,,
calculate,infor_educ_3_5an_garcon,Education informelle des garçons de 3 à 5 ans,,true,,,"if((${age_hh}<=5 and ${age_hh}>2)  and selected(${sexe_hh},'homme') and selected(${pas_educ},'inst_informelle'), 1 , 0)",,,,,,
calculate,non_for_educ_3_5an_garcon,Education non formelle des garçons de 3 à 5 ans,,true,,,"if((${age_hh}<=5 and ${age_hh}>2)  and selected(${sexe_hh},'homme') and selected(${pas_educ},'inst_nonformel'), 1 , 0)",,,,,,
calculate,aucune_educ_3_5an_garcon,Aucune instruction des garçons de 3 à 5 ans,,true,,,"if((${age_hh}<=5 and ${age_hh}>2)  and selected(${sexe_hh},'homme') and selected(${pas_educ},'aucun'), 1 , 0)",,,,,,
calculate,educ_3_5an_fille,Education formelle des filles de 3 à 5 ans,,true,,,"if((${age_hh}<=5 and ${age_hh}>2)  and selected(${sexe_hh},'femme') and selected(${statut_educatif},'oui'), 1 , 0)",,,,,,
calculate,infor_educ_3_5an_fille,Education informelle des filles de 3 à 5 ans,,true,,,"if((${age_hh}<=5 and ${age_hh}>2)  and selected(${sexe_hh},'femme') and selected(${pas_educ},'inst_informelle'), 1 , 0)",,,,,,
calculate,non_for_educ_3_5an_fille,Education non formelle des fille de 3 à 5 ans,,true,,,"if((${age_hh}<=5 and ${age_hh}>2)  and selected(${sexe_hh},'femme') and selected(${pas_educ},'inst_nonformel'), 1 , 0)",,,,,,
calculate,aucune_educ_3_5an_fille,Aucune instruction des filles de 3 à 5 ans,,true,,,"if((${age_hh}<=5 and ${age_hh}>2)  and selected(${sexe_hh},'femme') and selected(${pas_educ},'aucun'), 1 , 0)",,,,,,
calculate,educ_6_12an_garcon,Education formelle des garçons de 6 à 12 ans,,true,,,"if((${age_hh}<=12 and ${age_hh}>5)  and selected(${sexe_hh},'homme') and selected(${statut_educatif},'oui'), 1 , 0)",,,,,,
calculate,infor_educ_6_12an_garcon,Education informelle des garçons de 6 à 12 ans,,true,,,"if((${age_hh}<=12 and ${age_hh}>5)  and selected(${sexe_hh},'homme') and selected(${pas_educ},'inst_informelle'), 1 , 0)",,,,,,
calculate,non_for_educ_6_12an_garcon,Education non formelle des garçons de 6 à 12 ans,,true,,,"if((${age_hh}<=12 and ${age_hh}>5)  and selected(${sexe_hh},'homme') and selected(${pas_educ},'inst_nonformel'), 1 , 0)",,,,,,
calculate,aucune_educ_6_12an_garcon,Aucune instruction des garçons de 6 à 12 ans,,true,,,"if((${age_hh}<=12 and ${age_hh}>5)  and selected(${sexe_hh},'homme') and selected(${pas_educ},'aucun'), 1 , 0)",,,,,,
calculate,educ_6_12an_fille,Education formelle des filles de 6 à 12 ans,,true,,,"if((${age_hh}<=12 and ${age_hh}>5)  and selected(${sexe_hh},'femme') and selected(${statut_educatif},'oui'), 1 , 0)",,,,,,
calculate,infor_educ_6_12an_fille,Education informelle des filles de 6 à 12 ans,,true,,,"if((${age_hh}<=12 and ${age_hh}>5)  and selected(${sexe_hh},'femme') and selected(${pas_educ},'inst_informelle'), 1 , 0)",,,,,,
calculate,non_for_educ_6_12an_fille,Education non formelle des fille de 6 à 12 ans,,true,,,"if((${age_hh}<=12 and ${age_hh}>5)  and selected(${sexe_hh},'femme') and selected(${pas_educ},'inst_nonformel'), 1 , 0)",,,,,,
calculate,aucune_educ_6_12an_fille,Aucune instruction des filles de 6 à 12 ans,,true,,,"if((${age_hh}<=12 and ${age_hh}>5)  and selected(${sexe_hh},'femme') and selected(${pas_educ},'aucun'), 1 , 0)",,,,,,
calculate,educ_13_17an_garcon,Education formelle des garçons de 13 à 17 ans,,true,,,"if((${age_hh}<=17 and ${age_hh}>12)  and selected(${sexe_hh},'homme') and selected(${statut_educatif},'oui'), 1 , 0)",,,,,,
calculate,infor_educ_13_17an_garcon,Education informelle des garçons de 13 à 17 ans,,true,,,"if((${age_hh}<=17 and ${age_hh}>12)  and selected(${sexe_hh},'homme') and selected(${pas_educ},'inst_informelle'), 1 , 0)",,,,,,
calculate,non_for_educ_13_17an_garcon,Education non formelle des garçons de 13 à 17 ans,,true,,,"if((${age_hh}<=17 and ${age_hh}>12)  and selected(${sexe_hh},'homme') and selected(${pas_educ},'inst_nonformel'), 1 , 0)",,,,,,
calculate,aucune_educ_13_17an_garcon,Aucune instruction des garçons de 13 à 17 ans,,true,,,"if((${age_hh}<=17 and ${age_hh}>12)  and selected(${sexe_hh},'homme') and selected(${pas_educ},'aucun'), 1 , 0)",,,,,,
calculate,educ_13_17an_fille,Education formelle des filles de 13 à 17 ans,,true,,,"if((${age_hh}<=17 and ${age_hh}>12)  and selected(${sexe_hh},'femme') and selected(${statut_educatif},'oui'), 1 , 0)",,,,,,
calculate,infor_educ_13_17an_fille,Education informelle des filles de 13 à 17 ans,,true,,,"if((${age_hh}<=17 and ${age_hh}>12)  and selected(${sexe_hh},'femme') and selected(${pas_educ},'inst_informelle'), 1 , 0)",,,,,,
calculate,non_for_educ_13_17an_fille,Education non formelle des fille de 13 à 17 ans,,true,,,"if((${age_hh}<=17 and ${age_hh}>12)  and selected(${sexe_hh},'femme') and selected(${pas_educ},'inst_nonformel'), 1 , 0)",,,,,,
calculate,aucune_educ_13_17an_fille,Aucune instruction des filles de 13 à 17 ans,,true,,,"if((${age_hh}<=17 and ${age_hh}>12)  and selected(${sexe_hh},'femme') and selected(${pas_educ},'aucun'), 1 , 0)",,,,,,
end_group,education,,,,,,,,,,,,
end_repeat,personne_grp_rep,,,,,,,,,,,,
calculate,total_moins_2ans,,,true,,,sum(${moins_2ans}),,,,,,
calculate,total_6_59m,,,true,,,sum(${age_6_59m}),,,,,,
calculate,total_moins_5ans,,,true,,,sum(${moins_5ans}),,,,,,
calculate,total_5_17ans,,,true,,,sum(${age_5_17ans}),,,,,,
calculate,total_18_59ans,,,true,,,sum(${age_18_59ans}),,,,,,
calculate,total_60ans_plus,,,true,,,sum(${age_60an_plus}),,,,,,
calculate,total_3_5_femmes,,,true,,,sum(${agegrp_3_5_femmes}),,,,,,
calculate,total_3_5_hommes,,,true,,,sum(${agegrp_3_5_hommes}),,,,,,
calculate,total_6_12_femmes,,,true,,,sum(${agegrp_6_12_femmes}),,,,,,
calculate,total_6_12_hommes,,,true,,,sum(${agegrp_6_12_hommes}),,,,,,
calculate,total_13_17_femmes,,,true,,,sum(${agegrp_13_17_femmes}),,,,,,
calculate,total_13_17_hommes,,,true,,,sum(${agegrp_13_17_hommes}),,,,,,
calculate,total_0_17_femmes,,,true,,,sum(${agegrp_0_17_femmes}),,,,,,
calculate,total_0_17_hommes,,,true,,,sum(${agegrp_0_17_hommes}),,,,,,
calculate,enfant_scolarisable,,,true,,,${total_3_5_femmes}+${total_3_5_hommes}+${total_6_12_femmes}+${total_6_12_hommes}+${total_13_17_femmes}+${total_13_17_hommes},,,,,,
calculate,enfant,,,true,,,sum(${agegrp_0_17}),,,,,,
calculate,femme,,,true,,,sum(${agegrp_18plus_femmes}),,,,,,
calculate,homme,,,true,,,sum(${agegrp_18plus_hommes}),,,,,,
calculate,number_hh,,,true,,,sum(${agegrp_0_17})+sum(${agegrp_18plus_femmes})+sum(${agegrp_18plus_hommes}),,.=${taille_menage},Le nombre de personnes énuméré est différent du nombre que vous avez donné au départ,,,
calculate,total_educ_3_5an_garcon,Total Education formelle des garçons de 3 à 5 ans,,true,,,sum(${educ_3_5an_garcon}),,,,,,
calculate,total_infor_educ_3_5an_garcon,Total Education informelle des garçons de 3 à 5 ans,,true,,,sum(${infor_educ_3_5an_garcon}),,,,,,
calculate,total_non_for_educ_3_5an_garcon,Total Education non formelle des garçons de 3 à 5 ans,,true,,,sum(${non_for_educ_3_5an_garcon}),,,,,,
calculate,total_aucune_educ_3_5an_garcon,Total Aucune instruction des garçpns de 3 à 5 ans,,true,,,sum(${aucune_educ_3_5an_garcon}),,,,,,
calculate,total_educ_3_5an_fille,Total Education formelle des filles de 3 à 5 ans,,true,,,sum(${educ_3_5an_fille}),,,,,,
calculate,total_infor_educ_3_5an_fille,Total Education informelle des filles de 3 à 5 ans,,true,,,sum(${infor_educ_3_5an_fille}),,,,,,
calculate,total_non_for_educ_3_5an_fille,Total Education non formelle des fille de 3 à 5 ans,,true,,,sum(${non_for_educ_3_5an_fille}),,,,,,
calculate,total_aucune_educ_3_5an_fille,Total Education non formelle des filles de 3 à 5 ans,,true,,,sum(${aucune_educ_3_5an_fille}),,,,,,
calculate,total_educ_6_12an_garcon,Total Education formelle des garçons de 6 à 12 ans,,true,,,sum(${educ_6_12an_garcon}),,,,,,
calculate,total_infor_educ_6_12an_garcon,Total Education informelle des garçons de 6 à 12 ans,,true,,,sum(${infor_educ_6_12an_garcon}),,,,,,
calculate,total_non_for_educ_6_12an_garcon,Total Education non formelle des garçons de 6 à 12 ans,,true,,,sum(${non_for_educ_6_12an_garcon}),,,,,,
calculate,total_aucune_educ_6_12an_garcon,Total Aucune instruction des garçons de 6 à 12 ans,,true,,,sum(${aucune_educ_6_12an_garcon}),,,,,,
calculate,total_educ_6_12an_fille,Total Education formelle des filles de 6 à 12 ans,,true,,,sum(${educ_6_12an_fille}),,,,,,
calculate,total_infor_educ_6_12an_fille,Total Education informelle des filles de 6 à 12 ans,,true,,,sum(${infor_educ_6_12an_fille}),,,,,,
calculate,total_non_for_educ_6_12an_fille,Total Education non formelle des fille de 6 à 12 ans,,true,,,sum(${non_for_educ_6_12an_fille}),,,,,,
calculate,total_aucune_educ_6_12an_fille,Total Aucune instruction des filles de 6 à 12 ans,,true,,,sum(${aucune_educ_6_12an_fille}),,,,,,
calculate,total_educ_13_17an_garcon,Total Education formelle des garçons de 13 à 17 ans,,true,,,sum(${educ_13_17an_garcon}),,,,,,
calculate,total_infor_educ_13_17an_garcon,Total Education informelle des garçons de 13 à 17 ans,,true,,,sum(${infor_educ_13_17an_garcon}),,,,,,
calculate,total_non_for_educ_13_17an_garcon,Total Education non formelle des garçons de 13 à 17 ans,,true,,,sum(${non_for_educ_13_17an_garcon}),,,,,,
calculate,total_aucune_educ_13_17an_garcon,Total aucune instruction des garçons de 13 à 17 ans,,true,,,sum(${aucune_educ_13_17an_garcon}),,,,,,
calculate,total_educ_13_17an_fille,Total Education formelle des filles de 13 à 17 ans,,true,,,sum(${educ_13_17an_fille}),,,,,,
calculate,total_infor_educ_13_17an_fille,Total Education informelle des filles de 13 à 17 ans,,true,,,sum(${infor_educ_13_17an_fille}),,,,,,
calculate,total_non_for_educ_13_17an_fille,Total Education non formelle des fille de 13 à 17 ans,,true,,,sum(${non_for_educ_13_17an_fille}),,,,,,
calculate,total_aucune_educ_13_17an_fille,Total Aucune instruction des filles de 13 à 17 ans,,true,,,sum(${aucune_educ_13_17an_fille}),,,,,,
calculate,total_scolarise,Total des enfants scolarisés,,true,,,${total_educ_3_5an_garcon}+${total_educ_3_5an_fille}+${total_educ_6_12an_garcon}+${total_educ_6_12an_fille}+${total_educ_13_17an_garcon}+${total_educ_13_17an_fille},,,,,,
calculate,total_non_scolarise,Total des enfants non scolarisés,,true,,,${total_infor_educ_3_5an_garcon}+${total_non_for_educ_3_5an_garcon}+${total_infor_educ_3_5an_fille}+${total_non_for_educ_3_5an_fille}+${total_infor_educ_6_12an_garcon}+${total_non_for_educ_6_12an_garcon}+${total_infor_educ_6_12an_fille}+${total_non_for_educ_6_12an_fille}+${total_infor_educ_13_17an_garcon}+${total_non_for_educ_13_17an_garcon}+${total_infor_educ_13_17an_fille}+${total_non_for_educ_13_17an_fille}+${total_aucune_educ_3_5an_garcon}+${total_aucune_educ_3_5an_fille}+${total_aucune_educ_6_12an_garcon}+${total_infor_educ_6_12an_fille}+${total_aucune_educ_13_17an_garcon}+${total_aucune_educ_13_17an_fille},,,,,,
end_group,,,,,,,,,,,,,
select_one oui_non_nsp,pdi_present,"Est-ce que vous êtes un ménage hôte pour des personnes déplacées internes? (prêt d'un logement, prise en charge de leurs dépenses, leur alimentation...)",,true,"not(selected(${group_pop},""pdi""))",,,,,,,,
integer,pdi_present_combien,"Si oui, combien parmi ces personnes vivent avec vous dans votre parcelle / habitation",,true,"selected(${pdi_present},""oui"")",,,,,,,,
begin_group,WG,Informations Générales: Washington Group,,,,,,,,,,,
note,WG1,Les prochaines questions concernent les difficultés que vous ou les autres membres de votre ménage éprouvez pour réaliser certaines activités à cause de problèmes de santé,,,,,,,,,,,
select_one WG,soins_difficile,"Parmi les membres de votre ménage, quelqu'un a-t-il des difficultés à prendre soin de lui-même? (comme se laver ou s'habiller)",,true,,,,,,,,,
begin_group,WG1_group,Liste des membres qui n'arrivent pas à prendre soin d'eux-mêmes,,,"selected(${soins_difficile},""beaucoup_difficult"") or selected(${soins_difficile},""parvient_pas"")",,,,,,,,
integer,nombre_soins_difficile,Combien de personne(s) (ont) des difficultés à prendre soins d'eux-mêmes,,true,,,,,.>0 and.<=${number_hh},Ce nombre doit être supérieur à 0 (car vous aviez dit qu'il y a au moins une personne) et inférieur ou égal au nombre total de membre du ménage.,,,
begin_group,soins_grp,,,,${nombre_soins_difficile}>0,,,,,,,,
note,note_soins_difficile,Vous venez de dire qu'il y a ${nombre_soins_difficile} personne(s) qui n'arrive(nt) pas à prendre soin de lui(d'eux). Nous allons vous demander de donner son(leurs) sexe(s) et âge(s),,,,,,,,,,,
begin_repeat,membre_soins_difficile,,,,,,,,,,${nombre_soins_difficile},,
calculate,personne_soins_difficile,,,,,,position(..),,,,,,
select_one genre,genre_soins,PERSONNE ${personne_soins_difficile}: Quel est le sexe de cette personne ?,,true,,,,,,,,0,
integer,age_soins,PERSONNE ${personne_soins_difficile}: Quel est l'âge de cette personne ?,,true,,,,,.>0 and .<=126,,,0,
end_repeat,membre_soins_difficile,,,,,,,,,,,,
end_group,soins_grp,,,,,,,,,,,,
end_group,WG1_group,,,,,,,,,,,,
select_one WG,difficulte_vision,"Parmi votre ménage, quelqu'un a-t-il des difficultés à voir même quand il porte des lunettes?",,,,,,,,,,,
begin_group,vision_grp,Liste des membres qui ont difficultés à voir même quand il porte des lunettes?,,,"selected(${difficulte_vision},""beaucoup_difficult"") or selected(${difficulte_vision},""parvient_pas"")",,,,,,,,
integer,nombre_difficulte_vision,Combien de personne(s) a(ont) des difficultés à voir même quand ils porte des lunettes,,true,,,,,.>0 and .<=${number_hh},Ce nombre doit être supérieur à 0 (car vous aviez dit qu'il y a au moins une personne) et inférieur ou égal au nombre total de membre du ménage.,,,
note,note_vision_difficile,Vous venez de dire qu'il y a ${nombre_difficulte_vision} personnes qui n'arrivent pas à voir même avec des lunettes. Nous allons vous demander de donner leur sexe et âge,,,,,,,,,,,
begin_repeat,membre_vision_diffcile,,,,,,,,,,${nombre_difficulte_vision},,
calculate,person_vision_diffcile,,,,,,position(..),,,,,,
select_one genre,genre_vision,PERSONNE ${person_vision_diffcile}: Quel est le sexe de cette personne ?,,true,,,,,,,,,
integer,age_vision,PERSONNE ${person_vision_diffcile}: Quel est l'âge de cette personne ?,,true,,,,,.>0 and .<=126,,,,
end_repeat,membre_vision_diffcile,,,,,,,,,,,,
end_group,vision_grp,,,,,,,,,,,,
select_one WG,difficulte_entendre,"Parmi votre ménage, quelqu'un a-t-il des difficultés à entendre?",,true,,,,,,,,,
begin_group,WG3,Informations sur les personnes qui n'arrivent pas à entendre dans votre ménage,,,"selected(${difficulte_entendre},""beaucoup_difficult"") or selected(${difficulte_entendre},""parvient_pas"")",,,,,,,,
integer,nombre_difficulte_entendre,Combien de personne(s) a(ont) des difficultés à voir entendre?,,true,,,,,.>0 and .<=${number_hh},Ce nombre doit être supérieur à 0 (car vous aviez dit qu'il y a au moins une personne) et inférieur ou égal au nombre total de membre du ménage.,,,
note,note_WG3,Vous venez de dire qu'il y a ${nombre_difficulte_entendre} qui n'arrive pas à entendre dans le ménage,,,,,,,,,,,
begin_repeat,membre_entendre_difficile,,,,,,,,,,${nombre_difficulte_entendre},,
calculate,person_problem_entend,,,,,,position(..),,,,,,
select_one genre,genre_entendre,PERSONNE ${person_problem_entend}: Quel est le sexe de cette personne ?,,true,,,,,,,,,
integer,age_entendre,PERSONNE ${person_problem_entend}: Quel est l'âge de cette personne ?,,true,,,,,.>0 and .<=126,,,,
end_repeat,membre_entendre_difficile,,,,,,,,,,,,
end_group,WG3,,,,,,,,,,,,
select_one WG,difficulte_marche,"Parmi votre ménage, quelqu'un a-t-il des difficultés a marcher et/ou monter des marches?",,true,,,,,,,,,
begin_group,WG4,Informations sur les membres qui ont des difficultés à marcher ou monter,,,"selected(${difficulte_marche},""beaucoup_difficult"") or selected(${difficulte_marche},""parvient_pas"")",,,,,,,,
integer,nombre_difficulte_marche,Combien de personne(s) a(ont) des difficultés à marcher et /ou monter marches?,,true,,,,,.>0 and .<=${number_hh},Ce nombre doit être supérieur à 0 (car vous aviez dit qu'il y a au moins une personne) et inférieur ou égal au nombre total de membre du ménage.,,,
note,note_WG4,Nous allons demander l'âge et le sexe des ${nombre_difficulte_marche} personne(s) qui a (ont) des difficultés de marche et/ou de monter des marches  dans votre ménage concernant la capacité à marcher,,,,,,,,,,,
begin_repeat,membre_marche_dificile,,,,,,,,,,${nombre_difficulte_marche},,
calculate,membre_probleme_marche,,,,,,position(..),,,,,,
select_one genre,genre_marche,PERSONNE ${membre_probleme_marche}: Quel est le sexe de cette personne ?,,true,,,,,,,,,
integer,age_marche,PERSONNE ${membre_probleme_marche}: Quel est l'âge de cette personne ?,,true,,,,,.>0 and .<=126,,,,
end_repeat,membre_marche_dificile,,,,,,,,,,,,
end_group,,,,,,,,,,,,,
select_one WG,difficulte_concentration,"Parmi votre ménage, quelqu'un a-t-il des difficultés à se concentrer  et/ou de se souvenir?",,true,,,,,,,,,
begin_group,WG5,Informations sur les membres qui ont des difficultés de se concentrer et/ou de se souvenir,,,"selected(${difficulte_concentration},""beaucoup_difficult"") or selected(${difficulte_concentration},""parvient_pas"")",,,,,,,,
integer,nombre_difficulte_concentration,Combien de personne(s) a(ont) des difficultés à se concentrer ou se souvenir,,true,,,,,.>0 and .<=${number_hh},Ce nombre doit être supérieur à 0 (car vous aviez dit qu'il y a au moins une personne) et inférieur ou égal au nombre total de membre du ménage.,,,
note,note_WG5,Nous allons demander l'âge et le sexe des ${nombre_difficulte_concentration} personne(s) qui a (ont) des difficultés à se concentrer ou se souvenir,,,,,,,,,,,
begin_repeat,membre_concentration_difficile,,,,,,,,,,${nombre_difficulte_concentration},,
calculate,problem_concentration,,,,,,position(..),,,,,,
select_one genre,genre_concentration,PERSONNE ${problem_concentration}: Quel est le sexe de cette personne ?,,true,,,,,,,,,
integer,age_concentration,PERSONNE ${problem_concentration}: Quel est l'âge de cette personne ?,,true,,,,,.>0 and .<=126,,,,
end_repeat,membre_concentration_difficile,,,,,,,,,,,,
end_group,,,,,,,,,,,,,
select_one WG,difficulte_communication,"Parmi votre ménage, quelqu'un a t-il des difficultés à communiquer, par exemple à comprendre ou à se faire comprendre, quand il utilise son langage habituel?",,,,,,,,,,,
begin_group,WG_5,Informations sur les membres qui ont des difficultés à communiquer,,,"selected(${difficulte_communication},""beaucoup_difficult"") or selected(${difficulte_communication},""parvient_pas"")",,,,,,,,
integer,nombre_difficulte_communication,Combien de personne(s) a(ont) des difficultés à communiquer,,,,,,,.>0 and .<=${number_hh},Ce nombre doit être supérieur à 0 (car vous aviez dit qu'il y a au moins une personne) et inférieur ou égal au nombre total de membre du ménage.,,,
note,note_WG_5,Nous allons demander l'(les)âge(s) et le sexe des ${nombre_difficulte_communication} personne(s) qui a (ont) des difficultés à communiquer,,,,,,,,,,,
begin_repeat,membre_communication_difficile,,,,,,,,,,${nombre_difficulte_communication},,
calculate,probleme_communication,,,,,,position(..),,,,,,
select_one genre,genre_difficulte_communication,PERSONNE ${probleme_communication}: Quel est le sexe de la personne qui n'arrive pas à communiquer?,,true,,,,,,,,,
integer,age_difficulte_communication,PERSONNE ${probleme_communication}: Quel est l'âge de la personne qui n'arrive pas à communiquer?,,true,,,,,.>0 and .<=126,,,,
end_repeat,membre_communication_difficile,,,,,,,,,,,,
end_group,,,,,,,,,,,,,
end_group,WG,,,,,,,,,,,,
begin_group,Educ_grp,Education,,,${total_non_scolarise}>0,,,field-list,,,,,
note,note_Education,Vous avez indiqué que vous avez ${total_non_scolarise} non scolarisé dans le système éducatif formel,,,,,,,,,,,
select_one list_barriere,barriere_edu,Pourriez-vous nous dire la principale barrière ou défis qui rend difficile pour vos enfants de s'enregistrer ou de suivre régulièrement les cours ?,,true,,,,,,,,,
text,autre_barriere_education,"Si autre principale barrière, veuillez préciser:",,true,"selected(${barriere_edu},""autre"")",,,,,,,,
end_group,Educ_grp,,,,,,,,,,,,
begin_group,NFI_Abri,NFI et Abri,,,,,,,,,,,
note,note_nfi,Nous allons maintenant vous poser des questions sur vos conditions d'hébergement. Les questions porteront sur les biens non-alimentaires et votre logement. Soyez le plus précis possible s'il vous plaît.,,,,,,,,,,,
select_one liste_abri,type_abri,Dans quel type d'abri vivez-vous actuellement ?,"Si plusieurs personnes du ménages vivent dans des constructions différentes (par exemple, certains membres dorment dans une maison en dur et d'autres dans une maison en paille à côté) choisir le type d'abris dans lequel le plus grand nombre des membres du ménage habitent.",true,,,,,,,,,
text,autre_type_abri,"Si autre type d'abri, veuillez préciser:",,true,"selected(${type_abri},""autre"")",,,,,,,,
calculate,type_abri1,,,true,,,"if(selected(${type_abri}, ""autre""), jr:choice-name(${autre_type_abri}, '${autre_type_abri}'), jr:choice-name(${type_abri},'${type_abri}'))",,,,,,
select_one liste_abri_com,abri_com,Vous venez de dire que votre abri est de type ${type_abri1}. Est-ce que c'est:,,true,"selected(${type_abri},""communautaire"")",,,,,,,,
select_one liste_abri_reli,abri_reli,Vous venez de dire qu'il s'agit d'un ${type_abri1}. Est-ce une:,,true,"selected(${abri_com},""batiment_religieux"")",,,,,,,,
select_one liste_logement,abri_logement,Vous venez de dire qu'il s'agit d'un ${type_abri1}. Est-ce:,,true,"selected(${type_abri},""construit"")",,,,,,,,
integer,dorme_exterieur,Combien de personnes dorment à l'extérieur en saison sèche comme en saison pluvieuse car il n'y a pas d'espace réservé pour dormir à l'intérieur?,Veuillez ne pas considérer ceux qui dorment dehors par préférence personnelle,true,"not(selected(${type_abri},""pas_abri""))",,,,.<${taille_menage},,,,
integer,taille_abri,Quelle est la taille en m² de votre abri,"Calculer un nombre de pas sur la largeur de la maison et un nombre de pas sur la longueur. Multiplier les deux chiffres et l'entrer ici

Attention, dans le cas ou un même ménage immédiat vit dans plusieurs maisonnettes, il faut calculer la surface de chacune des maisonnettes et les additionner.",true,"not(selected(${type_abri},""pas_abri""))",,,,,,,,
select_one liste_situation,situation_menage,Quelle est la situation de votre ménage en matière de logement? (Lire les options),,true,"not(selected(${type_abri},""pas_abri""))",,,,,,,,
select_one oui_non_nsp,auto_confinement,Votre ménage dispose-t-il des conditions adéquates pour isoler une personne de façon préventive si celle-ci présente des symptomes d'une maladie comme le COVID-19 sans mettre en danger les autres membres de la famille ?,,true,"not(selected(${type_abri},""pas_abri""))",,,,,,,,
select_one liste_etat_abri,etat_abri,Quel est l'état actuel de l'abri ?,A évaluer par l'enquêteur,true,"not(selected(${type_abri},""pas_abri""))",,,,,,,,
select_multiple liste_probleme_abri,probleme_abri,Est-ce que l'abris dans lequel vous vivez fait face à un ou plusieurs des problèmes structurels suivant:,Cocher tout ce qui s'applique,true,"not(selected(${type_abri},""pas_abri""))",,,,"not(selected(.,""nsp"") and count-selected(.) > 1)  and not(selected(.,""aucun"") and count-selected(.) >1)",,,,
text,autre_probleme_abri,"Si votre abri fait face à autre problème, veuilez préciser",,true,"selected(${probleme_abri},""autre"")",,,,,,,,
select_one oui_non_nsp,abri_adapt,Votre abri est-il  adapté aux besoins des personnes âgées ou ayant des limitations fonctionnelles?,,true,"not(selected(${type_abri},""pas_abri"")) and (selected(${soins_difficile},""beaucoup_difficult"") or selected(${soins_difficile},""parvient_pas"") or selected(${difficulte_vision},""beaucoup_difficult"") or selected(${difficulte_vision},""parvient_pas"") or selected(${difficulte_entendre},""beaucoup_difficult"") or selected(${difficulte_entendre},""parvient_pas"") or selected(${difficulte_marche},""beaucoup_difficult"") or selected(${difficulte_marche},""parvient_pas"") or selected(${difficulte_concentration},""beaucoup_difficult"") or selected(${difficulte_concentration},""parvient_pas"") or selected(${difficulte_communication},""beaucoup_difficult"") or selected(${difficulte_communication},""parvient_pas"") or ${total_60ans_plus}>59)",,,,,,,,
select_multiple liste_article,article,"Parmi les articles suivants, quels sont ceux dont vous avez le plus besoin? (3 maximum)",Merci de sélectionner au maximum 3 réponses,true,,,,,"(count-selected(.) <= 3 and not(selected(.,""nsp"") and count-selected(.) > 1) and not(selected(.,""aucun"") and  count-selected(.) > 1))",Vous ne pouvez pas excéder trois réponses,,,
text,autre_article,"Si autre article, veuillez préciser",,true,"selected(${article},""autre"")",,,,,,,,
end_group,NFI_Abri,,,,,,,,,,,,
begin_group,sante,Santé,,,,,,,,,,,
note,note_sante,Nous allons maintenant vous poser une série de questions sur l'état de santé des membres de votre ménage.,,,,,,,,,,,
begin_group,birth,,,,${total_moins_2ans}>0,,,,,,,,
select_one oui_non_nsp,naissance,Est-ce qu'il y a eu une naissance dans le ménage durant la dernière année ?,,true,,,,,,,,,
integer,total_naissance,Combien de naissance(s) il y a eu durant l'année dernière,,true,"selected(${naissance},""oui"")",,,,.<=${total_moins_2ans},Vous aviez dit qu'il y a ${total_moins_2ans}. Ce nombre est inférieur au nombre que vous venez de donner.,,,
begin_repeat,birth_rpt,,,,,,,,,,${total_naissance},,
calculate,accouchement_enfant,,,,,,position(..),,,,,,
note,note_naissance,Nous aimerions connaître maintenant le lieu de naissance pour chaque enfant,,,,,,,,,,,
select_one lieu_accouche,lieu_accouchement,Où est-ce que l'enfant ${accouchement_enfant} a été accouché ?,,true,"selected(${naissance},""oui"")",,,,,,,,
text,autre_lieu_accouchement,"Si autre lieu d'accouchement de l'enfant ${accouchement_enfant}, veuillez préciser",,true,"selected(${lieu_accouchement},""autre"")",,,,,,,,
select_one accouche_domicile,raison_dominicile,Quelle est la raison principale pour laquelle l'enfant ${accouchement_enfant} a été accouché à la maison?,,true,"selected(${lieu_accouchement},""maison"")",,,,,,,,
end_repeat,birth_rpt,,,,,,,,,,,,
end_group,birth,,,,,,,,,,,,
select_one oui_non_nsp,service_sante,Aviez-vous accès à des services de santé fonctionnels au cours du dernier mois à une distance de marche?,,true,,,,,,,,,
select_one raison_non_service,raison_service_sante,"Si non, pourquoi ?",,true,"selected(${service_sante},""non"")",,,,,,,,
text,autre_raison_service_sante,"Si autres barrières, veuillez préciser",,true,"selected(${raison_service_sante},""autre"")",,,,,,,,
select_one liste_temps,temps_centre_sante,Combien de temps est nécessaire pour se rendre vers le centre de santé le plus proche à la marche?,,true,"selected(${service_sante},""oui"")",,,,,,,,
begin_group,sante_5ans,Informations sur l'état de santé des enfants de moins de 5 ans,,,${total_moins_5ans}>0,,,,,,,,
note,note_sante_5ans,Nous allons maintenant vous poser une série de questions sur l'état de santé de vos enfants de moins de 5 ans.,,,,,,,,,,,
integer,malade_5ans,"Parmi vos ${total_moins_5ans} enfants de moins de 5 ans, combien ont été malades au cours des 30 derniers jours ?",,true,,,,,.<=${total_moins_5ans} or .=999,Le nombre que vous donnez est supérieur au nombre total de personnes ayant moins de 5 ans dans votre ménage.,,,
begin_repeat,maladie_moins_5ans_rpt,,,,,,,,,,${malade_5ans},,
calculate,enfant_moins_5an,,,,,,position(..),,,,,,
select_multiple liste_maladie,maladie_moins_5ans,Enfant ${enfant_moins_5an}: De quelle(s) maladie(s) a-t-il souffert au cours des 30 derniers jours ?,Cocher tout ce qui s'applique,true,,,,,"not (selected(.,""nsp"") and count-selected(.) > 1)",,,,
text,autre_maladie,"Si autre(s) maladie(s), veuillez préciser",,true,"selected(${maladie_moins_5ans},""autre"")",,,,,,,,
end_repeat,maladie_moins_5ans_rpt,,,,,,,,,,,,
end_group,sante_5ans,,,,,,,,,,,,
begin_group,deces,Décès,,,,,,,,,,,
note,note_deces,"Nous aimerions savoir si dans les derniers 30 jours il y a eu un ou plusieurs décès dans votre ménage. Si c'est le cas, nous poserons quelques questions sur ces décès.",,,,,,,,,,,
select_one oui_non_nsp,deces_hh,"Au cours du dernier mois, est-ce qu'un ou plusieurs membres de votre ménage vivant sous votre toit est décédé ?",,true,,,,,,,,,
integer,total_deces,"Au cours du dernier mois, combien y a-t-il eu de décés parmi les membres de votre ménage résidant sous le même toit ?",,true,"selected(${deces_hh},""oui"")",,,,.>0,Ce nombre doit être supérieur à 0 car vous avez dit qu'il y au eu au moins un décès,,,
begin_repeat,repeat_nbre_pers_decedes,,,,,,,,,,${total_deces},,
calculate,deces_ordre,,,,,,position(..),,,,,,
begin_group,deces_rpt,,,,,,,field-list,,,,,
integer,age_deces,PERSONNE ${deces_ordre}: Quel était l'âge de cette personne?,"Si l'âge de la personne décédée est inférieur 1 an, inscrire 0.",true,"selected(${deces_hh},""oui"")",,,,.>=0 and .<126,L'âge de cette personne doit être supérieur ou égal à 0 an inférieur à 126 ans,,,
integer,month_deces,PERSONNE ${deces_ordre}: Quel était l'âge en mois de cette personne?,,true,${age_deces}=0,,,,,,,,
select_one genre,sexe_deces,PERSONNE ${deces_ordre}: Quel était le sexe de cette personne?,,true,"selected(${deces_hh},""oui"")",,,,,,,,
select_one cause_deces,raison_deces,PERSONNE ${deces_ordre}:  Quelle était la cause du décès de cette personne ?,,true,"selected(${deces_hh},""oui"")",,,,,,,,
text,autre_raison_deces,"PERSONNE ${deces_ordre}:  Vous avez sélectionné autre cause de maladie,pouvez-vous nous préciser cette cause s'il vous plaît?",,true,"selected(${raison_deces},""autre"")",,,,,,,,
end_group,deces_rpt,,,,,,,,,,,,
end_repeat,repeat_nbre_pers_decedes,,,,,,,,,,,,
end_group,deces,,,,,,,,,,,,
begin_group,nutrition_enfant,Nutrition,,,,,,,,,,,
note,note_nutrition_enfant,Nous aimerions maintenant vous poser des questions sur votre accès à des services nutritionnels,,,,,,,,,,,
select_multiple centre_nutritionnel,centre_nut,Avez-vous accès à:,Cocher tout ce qui s'applique,true,,,,,"not (selected(.,""aucun"") and count-selected(.) > 1)",,,,
select_one temps_service_nut,time_service_nut,Quel est le temps nécessaire pour accéder au service qui fournit les services nutritionnels?,,true,"not(selected(${centre_nut},""aucun""))",,,,,,,,
select_multiple liste_service_nut,service_nut,"Parmi les services nutritionnels suivant, lesquels sont disponibles à votre connaissance?",Cocher tout ce qui s'applique,true,"not(selected(${centre_nut},""aucun""))",,,,"not(selected(.,""aucun"") and count-selected(.) > 1) and not(selected(., ""nsp"") and count-selected(.) > 1)",,,,
text,autre_service_nut,"Si autre service(s) nutritionnel(s), veuillez préciser",,true,"selected(${service_nut},""autre"")",,,,,,,,
select_one oui_non_nsp,depistage_muac,Est-ce qu'un membre de votre ménage a été formé au dépistage précoce de la malnutrition avec l'aide d'un ruban MUAC (ruban pour mesurer le tour du bras de l'enfant)?,,true,,,,,,,,,
select_one oui_non_nsp,ruban_muac,Avez-vous un ruban de dépistage précoce de la malnutrition à la maison?,,true,,,,,,,,,
end_group,,,,,,,,,,,,,
end_group,sante,,,,,,,,,,,,
begin_group,secal,Sécurité alimentaire,,,,,,,,,,,
note,note_secal,Nous allons maintenant vous poser des questions concernant votre accès à la nourriture et vos moyens d'existence. Soyez le plus précis possible s'il vous plait.,,,,,,,,,,,
integer,revenu_mensuel,"Pouvez-vous estimer quel a été le revenu mensuel total du ménage, en moyenne le mois dernier (30 jours) ?",Donner le monant en F CFA (XOF),true,,,,,,,,,
begin_group,revenu_grp,,,,,,,,,,,,
note,note_revenu,Nous allons maintenant vous demander les trois sources principales de vos revenus par ordre d'importance,,,,,,,,,,,
select_one liste_revenu,source_revenu1,"Au cours des 90 derniers jours, quelle a été la première source de votre revenu ?","Lisez les différentes options à haute voix. Si aucune source de revenu, choisir ''aucune'' ici et pour les deux questions suivantes.",true,,,,,,,,,
text,autre_source_revenu1,"Si autre source de revenu, préciser",,true,"selected(${source_revenu1},""autre"")",,,,,,,,
select_one liste_revenu,source_revenu2,"Au cours des 90 derniers jours, quelle a été la deuxième source de votre revenu ?","Lisez les différentes options à haute voix. Si il n'y a qu'une seule source de revenu, choisir ''aucune'' ici",true,"not(selected(${source_revenu1},""aucun""))",,,,.!=${source_revenu1} or .='autre',On ne peut pas sélectionner la même option deux fois,,,
text,autre_source_revenu2,"Si autre source de revenu, préciser",,true,"selected(${source_revenu2},""autre"")",,,,,,,,
select_one liste_revenu,source_revenu3,"Au cours des 90 derniers jours, quelle a été la troisième source de votre revenu ?","Lisez les différentes options à haute voix. S'il n'y avait qu'une seule ou deux sources de revenu, choisir ''aucune'' ici",true,"not(selected(${source_revenu2},""aucun""))",,,,.!=${source_revenu1} and .!=${source_revenu2} or .='autre',On ne peut pas sélectionner la même option deux fois,,,
text,autre_source_revenu3,"Si autre source de revenu, préciser",,true,"selected(${source_revenu3},""autre"")",,,,,,,,
end_group,revenu_grp,,,,,,,,,,,,
select_one oui_non_nsp,integra_besoin,"Les revenus de votre menages couvrent-ils l'intégralité des besoins de base de votre ménage (sécurité alimentaire, santé, éducation, abris, NFI?)?",,true,,,,,,,,,
begin_group,produit_alimentaire,Consommation de produits alimentaires,,,,,,field-list,,,,,
note,note_cereale,"Combien de jours, durant les 7 derniers jours, les membres de votre ménage ont-ils consommé les produits alimentaires suivants ? Et comment ils les ont acquis?",Inscrire 0 si le produit n'a pas été consommé dans le ménage,,,,,,,,,,
integer,jr_consom_cereale,"Céréales, Racines, tubercules","Sorgho, mil, maïs, blé, riz, pain/galette, beignets, farine, pâtes alimentaire, pomme de terre, patates douces, ignames, et autres tubercules",true,,,,,.>=0 and .<=7,Le nombre de jour doit être compris entre 0 et 7,,,
select_one liste_source_produit,acqui_cereale,"Comment ces Céréales, Racines, tubercules ont été acquis?",,true,${jr_consom_cereale}>0,,,,,,,,
text,autre_acqui_cereale,"Si autre type de céréales, veuillez préciser",,true,"selected(${acqui_cereale},""autre"")",,,,,,,,
integer,jr_consom_noix,Légumineuses / noix,"Haricots, arachides, lentilles, amande, et/ou autre noix",true,,,,,.>=0 and .<=7,Le nombre de jour doit être compris entre 0 et 7,,,
select_one liste_source_produit,acqui_noix,Comment ces Légumineuses / noix ont été acquis?,,true,${jr_consom_noix}>0,,,,,,,,
text,autre_acqui_noix,"Si autre source d'acquisition de Légumineuses / noix, veuillez préciser",,true,"selected(${acqui_noix},""autre"")",,,,,,,,
integer,jr_consom_lait,Lait et autres produits laitiers,"Lait frais / aigri, yaourt, fromage, autre produits laitiers SAUF margarine / beurre ou de petites quantités de lait pour le thé / café (Lait en poudre : seulement si des verres de lait en poudre sont consommés))",true,,,,,.>=0 and .<=7,Le nombre de jour doit être compris entre 0 et 7,,,
select_one liste_source_produit,acqui_lait,Comment ce Lait et autres produits laitiers ont été acquis ?,,true,${jr_consom_lait}>0,,,,,,,,
text,autre_acqui_lait,"Si autre source d'acquisition de ce Lait et autres produits laitiers, veuillez préciser",,true,"selected(${acqui_lait},""autre"")",,,,,,,,
integer,jr_consom_viande,"Viande, Poisson, ?ufs","Chèvres, mouton, b?uf, poulets, fruits de mer, thon en boite, chenilles, termites, etc.",true,,,,,.>=0 and .<=7,Le nombre de jour doit être compris entre 0 et 7,,,
select_one liste_source_produit,acqui_viande,Comment cette Viande ou Poisson ou ces ?ufs ont été acquis ?,,true,${jr_consom_viande}>0,,,,,,,,
text,autre_acqui_viande,"Si autre source d'acquisition de Viande ou Poisson ou ces ?ufs, veuillez préciser",,true,"selected(${acqui_viande},""autre"")",,,,,,,,
integer,jr_consom_legume,Légumes et feuilles vertes,"Carotte, poivron rouge, citrouille, épinard, brocoli, manioc, patates, niébé oignon, tomates, concombre, haricot vert, petit pois, etc.",true,,,,,.>=0 and .<=7,Le nombre de jour doit être compris entre 0 et 7,,,
select_one liste_source_produit,acqui_legume,Comment ces Légumes et feuilles vertes ont été acquis ?,,true,${jr_consom_legume}>0,,,,,,,,
text,autre_acqui_legume,"Si autre source d'acquisition de ces Légumes et feuilles vertes, veuillez préciser",,true,"selected(${acqui_legume},""autre"")",,,,,,,,
integer,jr_consom_fruit,Fruits,"Mangue, papaye, banane, pomme, citron, mandarine, orange, goyave, etc.",true,,,,,.>=0 and .<=7,Le nombre de jour doit être compris entre 0 et 7,,,
select_one liste_source_produit,acqui_fruit,Comment ces Fruits ont été acquis ?,,true,${jr_consom_fruit}>0,,,,,,,,
text,autre_acqui_fruit,"Si autre source d'acquisition de ces Fruits, veuillez préciser",,true,"selected(${acqui_fruit},""autre"")",,,,,,,,
integer,jr_consom_huile,Huile / gras / beurre,"Huile de cuisson, beurre de karité, margarine, autres gras/huile",true,,,,,.>=0 and .<=7,Le nombre de jour doit être compris entre 0 et 7,,,
select_one liste_source_produit,acqui_huile,Comment cette Huile / gras / beurre a été acquise ?,,true,${jr_consom_huile}>0,,,,,,,,
text,autre_acqui_huile,"Si autre source d'acquisition de cette Huile / gras / beurre, veuillez préciser",,true,"selected(${acqui_huile},""autre"")",,,,,,,,
integer,jr_consom_sucre,Sucre ou produits sucrés,"Miel, confiture, beignets, bonbons, biscuits, pâtisseries, gâteaux et autre produits sucré",true,,,,,.>=0 and .<=7,Le nombre de jour doit être compris entre 0 et 7,,,
select_one liste_source_produit,acqui_sucre,Comment ce Sucre ou produit sucré a été acquis?,,true,${jr_consom_sucre}>0,,,,,,,,
text,autre_acqui_sucre,"Si autre source d'acquisition de ce Sucre ou produit sucré, veuillez préciser",,true,"selected(${acqui_sucre},""autre"")",,,,,,,,
integer,jr_consom_epice,Epices / condiments,"Thé, café/cacao, sel, ail, épices, levure/poudre à pâte, tomate/sauce piquante, autres condiments y compris petite quantité de lait pour le thé/café",true,,,,,.>=0 and .<=7,Le nombre de jour doit être compris entre 0 et 7,,,
select_one liste_source_produit,acqui_epice,Comment ces Epices / condiments a été acquis?,,true,${jr_consom_epice}>0,,,,,,,,
text,autre_acqui_epice,"Si autre source d'acquisition de ces épices/condiments, veuillez préciser",,true,"selected(${acqui_epice},""autre"")",,,,,,,,
end_group,produit_alimentaire,,,,,,,,,,,,
select_one oui_non_nsp,aucun_aliment,"Au cours des 30 derniers jours, y a-t-il eu un ou des moments ou il n'y avait aucun aliment à manger à la maison, de quelque nature que ce soit à cause du manque de ressources ?",,true,,,,,,,,,
select_one liste_aucun_aliment,nbr_aucun_aliment,"Si oui, combien de fois est-ce arrivé au cours des 30 derniers jours ?",,true,"selected(${aucun_aliment},""oui"")",,,,,,,,
select_one oui_non_nsp,dormir_affame,"Au cours des 30 derniers jours, avez-vous ou tout membre de votre ménage été obligé de dormir affamé le soir parce qu'il n'y avait pas assez de nourriture ?",,true,,,,,,,,,
select_one liste_aucun_aliment,nbr_dormir_affame,"Si oui, combien de fois est-ce arrivé au cours des 30 derniers jours ?",,true,"selected(${dormir_affame},""oui"")",,,,,,,,
select_one oui_non_nsp,pas_assez_nourriture,"Au cours des 30 derniers jours, avez-vous ou tout membre de votre ménage passé un jour et une nuit entiers sans rien manger parce qu'il n'y avait pas assez de nourriture ?",,true,,,,,,,,,
select_one liste_aucun_aliment,nbr_pas_assez_nourriture,"Si oui, combien de fois est-ce arrivé au cours des 30 derniers jours ?",,true,"selected(${pas_assez_nourriture},""oui"")",,,,,,,,
select_one oui_non_na,pratiq_agri,Votre ménage pratique-t-il l'agriculture au cours de cette saison de façon optimale par rapport aux années précédentes ?,Y a-t-il des perturbations qui vous empêche de cultiver comme lors d'une année normale,true,,,,,,,,,
select_multiple liste_non_agri,non_pratiq_agri,"Si non, pourquoi ?",,true,"selected(${pratiq_agri},""non"")",,,,"(count-selected(.)<=3 and not(selected(.,""nsp"") and count-selected(.)>1))",,,,
text,autre_non_pratiq_agri,"Si autre raison de non pratique de l'agriculture au cours de cette saison, veuillez préciser",,true,"selected(${non_pratiq_agri},""autre"")",,,,,,,,
select_one liste_marche_fonction,marche_fonctionel,"Au cours des 7 derniers jours, y avait-t-il un marché fonctionnel à distance de marche ?",,true,,,,,,,,,
text,autre_marche_fonctionel,"Si autre raison de disponibilité du marché, veuillez préciser",,true,"selected(${marche_fonctionel},""autre"")",,,,,,,,
begin_group,strategie_adaptation,,,,,,,field-list,,,,,
note,note_strategie_adaptation,"Au cours des 7 derniers jours, est-ce que quelqu'un dans votre ménage a dû :",,,,,,,,,,,
select_one oui_non_nsp,moins_prefere,Consommer des aliments moins préférés et moins chers,,true,,,,,,,,,
integer,jr_moins_prefere,"Si Oui, combien de jours ces aliments moins préférés ont été consommés au cours des 7 derniers jours?",,true,"selected(${moins_prefere},""oui"")",,,,.>0 and .<=7,Le nombre de jour doit être compris entre 1 et 7,,,
select_one oui_non_nsp,emprunt_nourriture,"Emprunter de la nourriture ou recourir à l'aide des parents, des voisins ou des amis",,true,,,,,,,,,
integer,jr_emprunt_nourriture,"Si Oui, combien de jours il y a eu emprunt de nourriture ou recours à l'aide de parents, voisins ou des amis au cours des 7 derniers jours?",,true,"selected(${emprunt_nourriture},""oui"")",,,,.>0 and .<=7,Le nombre de jour doit être compris entre 1 et 7,,,
select_one oui_non_nsp,diminu_quantite,Diminuer la quantité consommée pendant les repas,,true,,,,,,,,,
integer,jr_diminu_quantite,"Si Oui, combien de jours il y a eu diminution de la quantité consommée au cours des 7 derniers jours?",,true,"selected(${diminu_quantite},""oui"")",,,,.>0 and .<=7,Le nombre de jour doit être compris entre 1 et 7,,,
select_one oui_non_nsp,rest_consommation,Restreindre la consommation des adultes pour permettre aux plus jeunes de manger davantage?,,true,,,,,,,,,
integer,jr_rest_consommation,"Si Oui, combien de jours il y a eu diminution de la consommation des adultes au cours des 7 derniers jours?",,true,"selected(${rest_consommation},""oui"")",,,,.>0 and .<=7,Le nombre de jour doit être compris entre 1 et 7,,,
select_one oui_non_nsp,nbr_repas,Diminuer le nombre de repas par jour ?,,true,,,,,,,,,
integer,jr_nbr_repas,"Si Oui , combien de jours il y a eu dimunition du nombre de repas au cours des 7 derniers jours?",,true,"selected(${nbr_repas},""oui"")",,,,.>0 and .<=7,Le nombre de jour doit être compris entre 1 et 7,,,
select_one oui_non_nsp,redu_quant_eau,"Réduire la quantité d'eau utilisée à des fins domestiques (pour boire, laver, cuisiner, etc.) ?",,true,,,,,,,,,
integer,jr_redu_quant_eau,"Si Oui, combien de jours il y a eu réduction de la quantité d'eau consommée au cours des 7 derniers jours?",,true,"selected(${redu_quant_eau},""oui"")",,,,.>0 and .<=7,Le nombre de jour doit être compris entre 1 et 7,,,
select_one oui_non_nsp,eau_sure,Utiliser de l'eau non sûre (sans la bouillir ou la purifier) d'une source non-améliorée ?,,true,,,,,,,,,
integer,jr_eau_sure,"Si Oui, combien de jours il y a eu utilisation d'eau non sûre au cours des 7 derniers jours?",,,"selected(${eau_sure},""oui"")",,,,.>0 and .<=7,Le nombre de jour doit être compris entre 1 et 7,,,
end_group,strategie_adaptation,,,,,,,,,,,,
begin_group,secal_A,,,,,,,,,,,,
note,note_secal_A,"Au cours des 30 derniers jours, est-ce que quelqu'un dans votre ménage a dû faire l'une des choses suivantes parce qu'il n'y avait pas assez de nourriture ou d'argent pour l'acheter ?",,,,,,,,,,,
select_one liste_alternative,vente_actif,"Vendre des actifs non productifs du ménage (radio, meubles, réfrigérateur, télévision, bijoux, etc.)",,true,,,,,,,,,
select_one liste_alternative,vente_actif_prod,"Vendre des actifs productifs ou moyens de transport (matériel agricole, machine à coudre, brouette, vélo, voiture, etc.)",,true,,,,,,,,,
select_one liste_alternative,reduction_depense,"Réduire les dépenses non alimentaires essentielles telles que l'éducation, la santé",,true,,,,,,,,,
select_one liste_alternative,epargne,Dépenser l'épargne,,true,,,,,,,,,
select_one liste_alternative,emprunt_nourritur,Emprunter de l'argent/nourriture à un préteur officielle/banque,,true,,,,,,,,,
select_one liste_alternative,enfant_ecole,Retirer les enfants de l'école,"S'il n'y a pas d'enfants dans le ménage, choisir ''non pertinent''",true,,,,,,,,,
select_one liste_alternative,vente_maison,"Vendre la maison, la parcelle de terrain ou le champ","Si le ménage ne possède pas de maison / parcelle / champ, choisir ''non pertinent''",true,,,,,,,,,
select_one liste_alternative,activite_risque,"Un membre de la famille a dû s'engager dans des activités risquées ou illégales génératrices de revenus (vols, vente de la drogue, travail avec groupes armés, prostitution, etc.)",,true,,,,,,,,,
select_one liste_alternative,mendie,Mendier,,true,,,,,,,,,
select_one liste_alternative,vente_animal,Vendre plus d'animaux (non-productifs) que d'habitude,"Si le ménage ne possède pas de bétail ou n'en a jamais possédé, choisir ''non pertinent''",true,,,,,,,,,
select_one liste_alternative,conso_semence,Consommation des semences,,true,,,,,,,,,
end_group,secal_A,,,,,,,,,,,,
end_group,secal,,,,,,,,,,,,
begin_group,EHA,"EAU, HYGIENE ET ASSAINISSEMENT",,,,,,,,,,,
note,note_EHA,Nous allons maintenant vous poser des questions concernant vos habitudes sur votre consommation d'eau et votre hygiène quotidienne. Soyez le plus précis possible s'il vous plait.,,,,,,,,,,,
select_one liste_source_eau,source_eau,Quelle est la principale source d'eau que votre ménage utilise actuellement pour boire?,,true,,,,,,,,,
text,autre_source_eau,"Si autre source d'eau, veuillez la source",,true,"selected(${source_eau},""autre"")",,,,,,,,
select_one liste_temp_eau,temps_eau,Combien de temps est-ce qu'il vous faut pour aller collecter l'eau nécessaire à votre ménage à votre source d'eau principale?,Il s'agit du temps mis uniquement l'aller-retour à la source à pied,true,,,,,,,,,
select_one oui_non_nsp,age_diffi_eau,Les personnes âgées ou ayant des difficultés à voir ou à se déplacer dans votre ménage ont-elles facilement accès à la source d'eau?,,true,"selected(${difficulte_vision},""beaucoup_difficult"") or selected(${difficulte_vision},""parvient_pas"") or selected(${difficulte_marche},""beaucoup_difficult"") or selected(${difficulte_marche},""parvient_pas"") or ${total_60ans_plus}>59",,,,,,,,
select_one liste_temp_eau,temps_collecte,Combien de temps est-ce qu'il vous faut pour collecter l'eau nécessaire à votre ménage à votre source d'eau principale ?,Il s'agit du temps mis uniquement l'attente et collecte de l'eau,true,,,,,,,,,
select_one oui_non_nsp,eau_propre,Est-ce que votre ménage a aussi accès à une source d'eau propre / améliorée en saison sèche?,,true,"selected(${source_eau},""pmh"") or selected(${source_eau},""puit_protege"") or selected(${source_eau},""source_amenage"") or selected(${source_eau},""borne_fontaine"") or selected(${source_eau},""eau _robi_conce"") or selected(${source_eau},""eau _bout"") or selected(${source_eau},""eau _camion"") or selected(${source_eau},""poste_auto"")",,,,,,,,
select_one liste_eau_suffi,eau_suffi,"Votre ménage estime-t-il avoir suffisamment d'eau pour répondre à ses besoins (cuisine, eau de boisson, hygiène, tâches domestiques?) ?",,true,,,,,,,,,
select_one raison_eau,princip_raison,Quelle est la principale raison pour laquelle vous n'arrivez pas à répondre à vos besoins en eau ?,,true,"selected(${eau_suffi},""insuffisant"") or selected(${eau_suffi},""pas_suffisant"")",,,,,,,,
text,autre_principe_raison,"Si autre principale raison vous empêchant de pouvoir répondre à vos besoins en eau, veuillez préciser",,true,"selected(${princip_raison},""autre"")",,,,,,,,
select_multiple liste_acces_eau,person_non_acces,Qui sont les personnes qui n'y ont pas accès ?,Cocher tout ce qui s'applique,true,"selected(${princip_raison},""cert_group"")",,,,"not(selected(.,""nsp"") and count-selected(.) > 1)",,,,
text,autre_person_non_acces,"Si autre (s) groupe de personnes, veuillez préciser",,true,"selected(${person_non_acces},""autre"")",,,,,,,,
select_one infras_sanitaire,infra_sanitaire,Quel type d'infrastructure sanitaire (latrine ou toilettes) utilisez-vous au sein du ménage ?,Demander de voir l'infrastructure,true,,,,,,,,,
text,autre_infra_sanitaire,"Si autre type d'infrastructure, veuillez préciser",,true,"selected(${infra_sanitaire},""autre"")",,,,,,,,
calculate,infra_sanitaire1,,,true,,,"if(selected(${infra_sanitaire}, ""autre""), jr:choice-name(${autre_infra_sanitaire}, '${autre_infra_sanitaire}'), jr:choice-name(${infra_sanitaire},'${infra_sanitaire}'))",,,,,,
select_one liste_pers_latrine,type_latrine,Vous venez de dire que vous utilisez ${infra_sanitaire1}. Entre combien de personnes ces latrines sont-elles partagées?,,true,"selected(${infra_sanitaire},""lat_publiq"") or selected(${infra_sanitaire},""lat_prive"")  or selected(${infra_sanitaire},""lat_privep"")",,,,,,,,
select_one oui_non_nsp,lat_hygiene,Vous venez de dire que vous utilisez ${infra_sanitaire1}. Ces latrines sont-elles hygiéniques?,Hygiénique: sans mouche ou excréments dans ou autour de la latrine.,true,"selected(${infra_sanitaire},""lat_publiq"") or selected(${infra_sanitaire},""lat_prive"")  or selected(${infra_sanitaire},""lat_privep"")",,,,,,,,
select_one oui_non_nsp,deplacement_lat,Les personnes âgées ou ayant des difficultés à voir ou à se déplacer dans votre ménage ont-elles facilement accès aux latrines,,true,"selected(${difficulte_vision},""beaucoup_difficult"") or selected(${difficulte_vision},""parvient_pas"") or selected(${difficulte_marche},""beaucoup_difficult"") or selected(${difficulte_marche},""parvient_pas"") or ${total_60ans_plus}>59",,,,,,,,
select_multiple liste_moment,lave_main,"Au cours de la journée d'hier, à quels moments les membres du ménages se sont-ils lavés les mains ?",,true,,,,,"not(selected(.,""aucun"") and count-selected(.) > 1) and not(selected(.,""nsp"") and count-selected(.) > 1)",Vous ne pouvez pas cocher Aucun et une autre réponse,,,
text,autre_lave_main,"Si autre moment, veuillez préciser",,true,"selected(${lave_main},""autre"")",,,,,,,,
select_one liste_lave_main,moyen_lave_main,"Au cours de la journée d'hier, quelle était la méthode de lavage des mains principale pendant les moments clés ?",,true,,,,,"not(selected(.,""nsp"") and count-selected(.) > 1)",,,,
text,autre_moyen_lave_main,"Si autre moyen pour se laver les mains, veuillez préciser",,true,"selected(${moyen_lave_main},""autre"")",,,,,,,,
select_one oui_non_nsp,acces_savon,Avez-vous accès à du savon dans votre ménage?,,true,,,,,,,,,
select_one dispositif,dispo_lave_main,Quel type de dispositif de lavage des mains est-ce que votre ménage utilise d'habitude?,,true,,,,,,,,,
text,autre_dispo_lave_main,"Si autre type de dispositif pour se laver les mains, veuillez préciser",,true,"selected(${dispo_lave_main},""autre"")",,,,,,,,
integer,enfant_selle,"Dans les deux dernières semaines, combien de vos enfants de moins de 5 ans ont eu des selles liquides au moins 3 fois dans la journée (diarrhée) ?",,true,,,,,.<=${total_moins_5ans},Ce nombre doit ne doit pas dépasser le nombre d'enfants de mons de 5ans,,,
end_group,EHA,,,,,,,,,,,,
begin_group,protect,Protection,,,,,,,,,,,
note,note_protect,Nous allons maintenant vous poser une série de questions sur les risques auxquels font face les membres de votre ménage et les accès aux différents services de base,,,,,,,,,,,
select_one oui_non_nsp,incident_secur,"Au cours des 30 derniers jours, est-ce qu'un ou plusieurs membres du ménage ont été affecté(s) par un incident sécuritaire?",Un incident sécuritaire est un incident qui a affecté l'intégrité physique ou psychologique d'une personne,true,,,,,,,,,
select_one oui_non,secur_fem,"Actuellement, avez-vous des préoccupations en matière de protection des femmes adultes de ce ménage ?",Il s'agit des femmes de plus de 17 ans,true,${femme}>0,,,,,,,,
select_multiple liste_risque_ad,risque_fem,"Parmi les risques suivants, quels sont ceux auxquels les femmes du ménage sont exposées ?",Il s'agit des femmes de plus de 17 ans. Cocher tout ce qui s'applique.,true,"selected(${secur_fem},""oui"")",,,,"not(selected(.,""nsp"") and count-selected(.) > 1)","Vous ne pouvez sélectionner une réponse et ""Je ne sais pas"" ou ""je ne souhaite pas répondre"" à la fois.",,,
text,autre_risque_fem,"Si autre(s) risque(s) auxquels les femmes de ce ménage sont exposées, veuillez préciser",,true,"selected(${risque_fem},""autre"")",,,,,,,,
select_one oui_non,secur_hom,"Actuellement, avez-vous des préoccupations en matière de protection des hommes de ce ménage ?",,true,${homme}>0,,,,,,,,
select_multiple liste_risque_ad,risque_hom,"Parmi les risques suivants, quels sont ceux auxquels les hommes du ménage sont exposés ?",Il s'agit des hommes de plus de 17 ans. Cocher tout ce qui s'applique.,true,"selected(${secur_hom},""oui"")",,,,"not(selected(.,""nsp"") and count-selected(.) > 1)","Vous ne pouvez sélectionner une réponse et ""Je ne sais pas"" ou ""je ne souhaite pas répondre"" à la fois.",,,
text,autre_risque_hom,"Si autre(s) risque(s) auxquels les hommes de ce ménage sont exposés, veuillez préciser",,true,"selected(${risque_hom},""autre"")",,,,,,,,
select_one oui_non,secur_fille,"Actuellement, avez-vous des préoccupations en matière de protection des filles de ce ménage ?",,true,${total_0_17_femmes}>0,,,,,,,,
select_multiple liste_risque_enf,risque_fille,"Parmi les risques suivants, quels sont ceux auxquels les filles du ménage sont exposés ?",Il s'agit des filles de moins de 18 ans. Cocher tout ce qui s'applique.,true,"selected(${secur_fille},""oui"")",,,,"not(selected(.,""nsp"") and count-selected(.) > 1)","Vous ne pouvez sélectionner une réponse et ""Je ne sais pas"" ou ""je ne souhaite pas répondre"" à la fois.",,,
text,autre_risque_fille,"Si autre(s) risque(s) auxquels les filles de ce ménage sont exposées, veuillez préciser",,true,"selected(${risque_fille},""autre"")",,,,,,,,
select_one oui_non,secur_garcon,"Actuellement, avez-vous des préoccupations en matière de protection des garçons de ce ménage ?",,true,${total_0_17_hommes}>0,,,,,,,,
select_multiple liste_risque_enf,risque_garcon,"Parmi les risques suivants, quels sont ceux auxquels les garçons du ménage sont exposés ?",Il s'agit des garçons de moins de 18 ans. Cocher tout ce qui s'applique.,true,"selected(${secur_garcon},""oui"")",,,,"not(selected(.,""nsp"") and count-selected(.) > 1)","Vous ne pouvez sélectionner une réponse et ""Je ne sais pas"" ou ""je ne souhaite pas répondre"" à la fois.",,,
text,autre_risque_garcon,"Si autre(s) risque(s) auxquels les garçons de ce ménage sont exposés, veuillez préciser",,true,"selected(${risque_garcon},""autre"")",,,,,,,,
begin_group,travil_enfant,,,,${enfant}>0,,,field-list,,,,,
note,note_travail_enfant,"Parmi vos ${enfant} enfants,",,,,,,,,,,,
integer,travail_fille,Combien de filles travaillent actuellement ou contribuent aux activités professionnelles de la famille ?,,true,${total_0_17_femmes}>0,,,,.<=${total_0_17_femmes},Ce nombre ne doit pas dépasser le nombre total de filles de moins de 18 ans,,,
integer,travail_garcon,Combien de garçons  travaillent actuellement ou contribuent aux activités professionnelles de la famille ?,,true,${total_0_17_hommes}>0,,,,.<=${total_0_17_hommes},Ce nombre ne doit pas dépasser le nombre total de garçons de moins de 18 ans,,,
calculate,travail_eft,,,true,,,${travail_garcon}+${travail_fille},,.<=${enfant},La somme des nombre de filles et de garçons qui travaillent ne doit pas dépasser le nombre total d'enfants,,,
end_group,travil_enfant,,,,,,,,,,,,
select_multiple liste_implique,type_trav_enft,Dans quel type de travail est-il/sont-ils impliqué(s) ?,Cocher tout ce qui s'applique,true,${travail_eft}>0,,,,"not(selected(.,""nsp"") and count-selected(.) > 1)",,,,
text,autre_type_trav_enft,"Si autre(s) type(s) de travail(travaux), veuillez préciser",,true,"selected(${type_trav_enft},""autre"")",,,,,,,,
integer,enfant_absent,"Parmi vos enfants de moins de 18 ans, combien vivent à l'extérieur de votre ménage contre votre volonté (séparation familiale) ?","Il faut exclure les déplacements temporaires liées aux vacances scolaires.
Inscrire 0 s'il n'y a pas.",true,,,,,.<=${enfant},,,,
select_one oui_non_nsp,detress,"Y a-t-il au moins un membre du ménage qui a souffert au cours des 30 derniers jours en montrant des signes de détresses psychologiques (comme des cauchemars, de la tristesse prolongée, de la fatigue extrême, de l'anxiété, etc.) ou avez-vous remarqué un changement de comportement inhabituel ou inquiétant de la part d'un membre de votre famille ?",,true,,,,,,,,,
begin_group,detress_grp,,,,"selected(${detress},""oui"")",,,field-list,,,,,
note,note_detres,Vous avez dit qu'il y a au moins un membre qui a souffert au cours des 30 derniers jours de détresses psychologiques.,,,,,,,,,,,
integer,detres_enft,combien d'enfants ont souffert de détresses psychologiques ?,Cela concerne les enfants (filles et garçons) de moins de 18 ans.,true,,,,,.<=${enfant},Ce nombre ne peut pas excéder le nombre total d'enfants de moins de 18 ans.,,,
integer,detres_adult,combien d'adultes ont souffert de détresses psychologiques ?,Cela concerne les femmes et hommes d' au moins de 18 ans.,true,,,,,.<=${femme}+${homme},Ce nombre ne peut pas excéder le nombre total d'adultes.,,,
end_group,detress_grp,,,,,,,,,,,,
select_one liste_document_legal,document_identite,"Possédez-vous une documentation légale d'identité (un extrait d'acte de naissance, carte d'identité et / ou passeport) pour tous les membres de votre ménage ?",,true,,,,,,,,,
select_one liste_document_prop,titre_propriete,"Possédez-vous des titres de propriété / occupation pour votre logement actuel et votre parcelle? (bail, attestation d'attribution, PUH, titre foncier, etc.)",,true,,,,,,,,,
select_one liste_rel_pdi_hote,relation_pdi_hote,"Au cours du dernier mois, comment évaluez-vous vos relations avec les membres de la communauté hôte dans votre ville d'accueil?",,true,"selected(${group_pop},""pdi"") or selected(${group_pop},""refugie"")",,,,,,,,
select_one liste_reli_hote_pd,relation_hote_pdi,"Au cours du dernier mois, comment évaluez-vous vos relations avec les personnes déplacées dans votre localité",,true,"not(selected(${group_pop},""pdi""))",,,,,,,,
begin_group,aap,,,,,,,,,,,,
note,note_aap,"Finalement, nous souhaiterions mieux comprendre vos besoins face à l'aide humanitaire",,,,,,,,,,,
select_one liste_source_info,source_info,En quelle source avez-vous le plus confiance pour recevoir les informations dont vous avez besoin?,,true,,,,,,,,,
text,autre_source_info,"Si autre source de confiance, veuillez préciser",,true,"selected(${source_info},""autre"")",,,,,,,,
select_multiple liste_info_hum,type_info_hum,De quel type d'information avez-vous le plus besoin ?,Merci de sélectionner les 3 types d'information que vous souhaiteriez recevoir régulièrement et auxquelles vous n'avez pas suffisamment accès maintenant,true,,,,,"(count-selected(.) <= 3 and not(selected(.,""nsp"") and count-selected( . ) >1) and not(selected(.,""acces_info"") and count-selected(.)>1))","Vous ne pouvez pas sélectionner plus de trois réponses,  ou plus d'une réponse avec ""Je ne sais pas / préfère ne pas répondre""",,,
text,autre_info_hum,"Si autre type d'information, veuillez préciser",,true,"selected(${type_info_hum},""autre"")",,,,,,,,
select_one liste_prefere_info,moy_pref_info,Quel serait votre moyen préféré pour recevoir de l'information ?,,true,,,,,,,,,
text,autre_moy_pref,"Si autre moyen préféré pour recevoir l'information, veuillez préciser",,true,"selected(${moy_pref_info},""autre"")",,,,,,,,
select_one liste_meca_retour,retour_info,"Comment préféreriez-vous donner un retour aux fournisseurs d'aide humanitaire pour les informer sur la qualité, la quantité et l'adéquation de l'aide que vous pourriez recevoir ?",,true,,,,,,,,,
select_one oui_non_nsp,telephone,Est-ce quelqu'un de votre ménage possède un téléphone fonctionnel?,,true,,,,,,,,,
select_one oui_non_nsp,acces_reseau_tel,Est-ce que votre ménage a accès à un réseau téléphonique stable à la maison?,,true,,,,,,,,,
integer,hour_jr,Combien d'heure par jour avez-vous accès à de l'électricité / énergie en moyenne?,,true,,,,,,,,,
select_one oui_non_nsp,assistance,Avez-vous reçu de l'assistance de la part des acteurs humanitaires au cours des douze derniers mois?,,true,,,,,,,,,
select_one oui_non_moy,satisf_assistance,Êtes-vous satisfaits de l'assistance que vous avez reçu?,,true,"selected(${assistance},""oui"") or selected(${assistance},""moyen"")",,,,,,,,
select_one liste_raison_ins,raison_insatis,Quelle est la raison principale expliquant votre insatisfaction par rapport à l'assistance reçue,,true,"selected(${satisf_assistance},""non"")",,,,,,,,
select_one oui_non_nsp,sugges_plainte,Avez-vous ou un membre de votre famille/ménage déjà fait une suggestion ou une plainte auprès de ceux qui fournissent l'aide ?,,true,,,,,,,,,
select_one oui_non_nsp,response_plainte,Avez-vous reçu une réponse à votre plainte ?,,true,"selected(${sugges_plainte},""oui"")",,,,,,,,
select_one liste_plainte,bar_plainte,"Considérez-vous qu'il existe des barrières à l'accès à des mécanismes de plaintes lorsque ceux-ci existent? Si oui, quelle est la barrière principale qui vous empêche de déposer des plaintes par rapport à l'assistance humanitaire?",,true,,,,,,,,,
text,bar_plainte_autre,"Si autre, veuillez spécifier",,true,"selected(${bar_plainte},""autre"")",,,,,,,,
select_one oui_non_nsp,inter_type_assis,Est-ce que votre ménage a été interrogé sur le type d'assistance que vous voudriez recevoir ?,,true,,,,,,,,,
begin_group,besoin_grp,,,,,,,,,,,,
note,Finalement_nous_aim_r_ordre_d_importance,"Finalement, nous aimerions mieux comprendre les principaux besoins prioritaires de votre ménage par ordre d'importance.",,,,,,,,,,,
select_one liste_besoin_priorit,besoin_prioritaire1,Quel est le premier principal besoin de votre ménage?,,true,,,,,,,,,
text,autre_besoin_prioritaire1,"Si autre besoin prioritaire en première posiition, veuillez préciser",,true,"selected(${besoin_prioritaire1},""autre"")",,,,,,,,
select_one liste_besoin_priorit,besoin_prioritaire2,Quel est le deuxième principal besoin de votre ménage?,,true,"not(selected(${besoin_prioritaire1},""aucun""))",,,,.!=${besoin_prioritaire1} or .='autre',On ne peut pas sélectionner la même option deux fois,,,
text,autre_besoin_prioritaire2,"Si autre besoin prioritaire en première posiition, veuillez préciser",,true,"selected(${besoin_prioritaire2},""autre"")",,,,,,,,
select_one liste_besoin_priorit,besoin_prioritaire3,Quel est le troisième principal besoin de votre ménage?,,true,"not(selected(${besoin_prioritaire1},""aucun""))",,,,.!=${besoin_prioritaire1} and .!=${besoin_prioritaire2} or .='autre',On ne peut pas sélectionner la même option deux fois,,,
text,autre_besoin_prioritaire3,"Si autre besoin prioritaire en première posiition, veuillez préciser",,true,"selected(${besoin_prioritaire3},""autre"")",,,,,,,,
end_group,besoin_grp,,,,,,,,,,,,
end_group,aap,,,,,,,,,,,,
begin_group,aap_besoin,,,,,,,field-list,,,,,
note,note_besoin,Nous allons maintenant demander vos souhaits par rapports aux besoins que vous venez d'énumérer,"Rappel: Vous avez énuméré ${besoin_prioritaire1}, ${besoin_prioritaire2} et ${besoin_prioritaire3}",,,,,,,,,,
select_one liste_assis_bna,assistance_bna,"Si vous deviez recevoir une assistance relative aux biens non-alimentaires, quel serait le type de réponse préférée ?","Les bien non-alimentaires se composent de couvertures, moustiquaires, seaux, bidon,etc.",true,"selected(${besoin_prioritaire1},""bna"") or selected(${besoin_prioritaire2},""bna"") or selected(${besoin_prioritaire3},""bna"")",,,,,,,,
text,autre_assistance_bna,"Si autre souhait d'assistance en biens non-alimentaires, veuillez préciser",,true,"selected(${assistance_bna},""autre"")",,,,,,,,
select_one bna_cash,bna_cash,"Pour cette réponse en cash (en biens non-alimentaires),quelle est la manière par laquelle vous souhaiteriez la recevoir ?",,true,"selected(${assistance_bna},""cash"")",,,,,,,,
select_one bna_prov_bien,bna_prov_bien,"Pour cette réponse en provision direct de biens (en biens non-alimentaires),quelle est la manière par laquelle vous souhaiteriez la recevoir ?",,true,"selected(${assistance_bna},""provision_direct"")",,,,,,,,
select_one bna_prov_service,bna_prov_service,"Pour cette réponse en provision direct de biens (en biens non-alimentaires),quelle est la manière par laquelle vous souhaiteriez la recevoir ?",,true,"selected(${assistance_bna},""provision_service"")",,,,,,,,
select_one liste_assis_secal,assistance_secal,"Si vous deviez recevoir une assistance relative à la sécurité alimentaire, quel serait votre souhait ?",,true,"selected(${besoin_prioritaire1},""nourrit"") or selected(${besoin_prioritaire2},""nourrit"") or selected(${besoin_prioritaire3},""nourrit"")",,,,,,,,
text,autre_assistance_secur,"Si autre souhait d'assistance en sécurité, veuillez préciser",,true,"selected(${assistance_secal},""autre"")",,,,,,,,
select_one secal_cash,secal_cash,"Pour cette réponse en cash (en sécurité alimentaire),quelle est la manière par laquelle vous souhaiteriez la recevoir ?","Les intrants agricoles sont composés de semences, engrais, pesticide, etc
Les intrants d'élevage sont composés d'aliment bétail, produits vétérinaires, pierres à lécher, etc",true,"selected(${assistance_secal},""cash"")",,,,,,,,
select_one secal_prov_bien,secal_prov_bien,"Pour cette réponse en provision direct de biens (en sécurité alimentaire),quelle est la manière par laquelle vous souhaiteriez la recevoir ?","Les intrants agricoles sont composés de semences, engrais, pesticide, etc
Les intrants d'élevage sont composés d'aliment bétail, produits vétérinaires, pierres à lécher, etc",true,"selected(${assistance_secal},""provision_direct"")",,,,,,,,
select_one secal_prov_service,secal_prov_service,"Pour cette réponse en provision direct de biens (en sécurité alimentaire),quelle est la manière par laquelle vous souhaiteriez la recevoir ?",,true,"selected(${assistance_secal},""provision_service"")",,,,,,,,
select_one liste_assis_sante,assistance_sante,"Si vous deviez recevoir une assistance relative à la Santé, quel serait votre souhait ?",,true,"selected(${besoin_prioritaire1},""sante"") or selected(${besoin_prioritaire2},""sante"") or selected(${besoin_prioritaire3},""sante"")",,,,,,,,
text,autre_assistance_sante,"Si autre souhait d'assistance en santé, veuillez préciser",,true,"selected(${assistance_sante},""autre"")",,,,,,,,
select_one sante_cash,sante_cash,"Pour cette réponse Cash en Santé,quelle est la manière par laquelle vous souhaiteriez la recevoir ?",,true,"selected(${assistance_sante},""cash"")",,,,,,,,
select_one sante_prov_bien,sante_prov_bien,"Pour cette réponse en provision directe de biens en Santé,quelle est la manière par laquelle vous souhaiteriez la recevoir ?",,true,"selected(${assistance_sante},""provision_direct"")",,,,,,,,
select_one sante_prov_service,sante_prov_service,"Pour cette réponse en provision directe de services Santé,quelle est la manière par laquelle vous souhaiteriez la recevoir ?",,true,"selected(${assistance_sante},""provision_service"")",,,,,,,,
select_one liste_assis_nutri,assistance_nutrition,"Si vous deviez recevoir une assistance relative à la Nutrition, quel serait votre souhait ?",,true,"selected(${besoin_prioritaire1},""nutrition"") or selected(${besoin_prioritaire2},""nutrition"") or selected(${besoin_prioritaire3},""nutrition"")",,,,,,,,
text,autre_assistance_nutrition,"Si autre souhait d'assistance en nutrition, veuillez préciser",,true,"selected(${assistance_nutrition},""autre"")",,,,,,,,
select_one nutri_cash,nutri_cash,"Pour cette réponse Cash en nutrition,quelle est la manière par laquelle vous souhaiteriez la recevoir ?",,true,"selected(${assistance_nutrition},""cash"")",,,,,,,,
select_one nutri_prov_service,nutri_prov_bien,"Pour cette réponse en provision de bien en nutrition,quelle est la manière par laquelle vous souhaiteriez la recevoir ?",,true,"selected(${assistance_nutrition},""provision_service"")",,,,,,,,
select_one liste_assis_eau,assistance_eau,"Si vous deviez recevoir une assistance relative à l'eau et/ou latrine, quel serait votre souhait ?",,true,"selected(${besoin_prioritaire1},""eau"") or selected(${besoin_prioritaire2},""eau"") or selected(${besoin_prioritaire3},""eau"")",,,,,,,,
text,autre_assistance_eau,"Si autre souhait d'assistance en eau et/ou latrine, veuillez préciser",,true,"selected(${assistance_eau},""autre"")",,,,,,,,
select_one eau_cash,eau_cash,"Pour cette réponse Cash en eau et/ou latrine,quelle est la manière par laquelle vous souhaiteriez la recevoir ?",,true,"selected(${assistance_eau},""cash"")",,,,,,,,
select_one eau_prov_bien,eau_prov_bien,"Pour cette réponse en provison directe de biens en eau et/ou latrine,quelle est la manière par laquelle vous souhaiteriez la recevoir ?",,true,"selected(${assistance_eau},""provision_direct"")",,,,,,,,
select_one eau_prov_service,eau_prov_service,"Pour cette réponse en provision directe de services en eau et/ou latrine,quelle est la manière par laquelle vous souhaiteriez la recevoir ?",,true,"selected(${assistance_eau},""provision_service"")",,,,,,,,
select_one liste_assis_educ,assistance_educ,"Si vous deviez recevoir une assistance relative à l'éducation, quel serait votre souhait ?",,true,"selected(${besoin_prioritaire1},""education"") or selected(${besoin_prioritaire2},""education"") or selected(${besoin_prioritaire3},""education"")",,,,,,,,
text,autre_assistance_educ,"Si autre souhait d'assistance en éducation, veuillez préciser",,true,"selected(${assistance_educ},""autre"")",,,,,,,,
select_one educ_cash,educ_cash,"Pour cette réponse en éducation,quelle est la manière par laquelle vous souhaiteriez la recevoir ?",,true,"selected(${assistance_educ},""cash"")",,,,,,,,
select_one educ_prov_bien,educ_prov_bien,"Pour cette réponse en éducation,quelle est la manière par laquelle vous souhaiteriez la recevoir ?",,true,"selected(${assistance_educ},""provision_direct"")",,,,,,,,
select_one educ_prov_service,educ_prov_service,"Pour cette réponse en éducation,quelle est la manière par laquelle vous souhaiteriez la recevoir ?",,true,"selected(${assistance_educ},""provision_service"")",,,,,,,,
select_one liste_assis_protec,assistance_protec,"Si vous deviez recevoir une assistance relative à la protection, quel serait votre souhait ?",,true,"selected(${besoin_prioritaire1},""protec"") or selected(${besoin_prioritaire2},""protec"") or selected(${besoin_prioritaire3},""protec"")",,,,,,,,
text,autre_assistance_protec,"Si autre souhait d'assistance en protection, veuillez préciser",,true,"selected(${assistance_protec},""autre"")",,,,,,,,
end_group,aap_besoin,,,,,,,,,,,,
end_group,protect,,,,,,,,,,,,
geopoint,gpsmenage,"Collecter les coordonnées GPS du ménage (OBLIGATOIRE - Toute enquête sans point GPS sera supprimée. Merci d'attendre d'avoir un point GPS avant finaliser le questionnaire, sauf en cas de problème technique):",,,,,,,,,,,
text,comm_fin,"Merci. L'enquête est maintenant terminée. Remerciez la personne pour sa disponibilité, le temps et les réponses apportées. Demandez-lui si elle a d'autres questions. Cette espace vous permet de signaler tout ce qui a pu être particulier pendant l'enquête",,,,,,,,,,,
end_group,CONSENSUS,,,,,,,,,,,,
calculate,__version__,,,,,,'vPZzKfzKvonuUzAmyHW5nS',,,,,,
calculate,_version_,,,,,,'vUJsGwRkKhKpgWWpQyz5k6',,,,,,__version__
